Freq,Name
1,ashiana
1,aabida
1,aakriti
6,aaliyah
1,aamena
1,aarika
1,aariyana
1,aaron
1,aarrianna
1,aarushi
1,aashi
2,abagail
1,abaigael
1,abbe
10,abbey
1,abbi
2,abbie
1,abbieleigh
7,abbigail
2,abbigale
2,abbigayle
20,abby
2,abby-lynn
1,abby-marie
1,abbygail-lila
3,abbygail
1,abbygale
1,abiana
1,abigael
58,abigail
2,abigale
2,abigayle
1,abilene
1,abree
1,abriam
1,abriy
1,abroo
2,abygail
3,acacia
1,acelyn
1,achol
1,adalaide
1,adanna
1,adannaya
2,adara
1,adden
1,addis
4,addison
1,addyson
1,adelaide
2,adele
1,adeline
1,adema
1,adhle
1,adi
1,adia
1,adielleen
1,adoncia
1,adora
3,adria
6,adriana
1,adriane
6,adrianna
2,adrianne
1,adrieana
1,adriel
1,adrien
8,adrienne
1,adryan
1,adryann
1,adyson
1,aedyn
1,aemon
1,aeresnna
1,afroze
1,afton
1,aganetha
1,agat
1,agata
3,agatha
1,agathe-mae
2,ahlam
1,ahlya
1,ahneasha
1,ahsley-rose
1,aicha
7,aidan
1,aiden
1,aileenn
1,ailish
12,aimee
4,aimie
1,aine
1,ainsleigh
6,ainsley
1,ainslie
1,airam
1,airianna
1,airika
1,aisan
6,aisha
2,aishah
1,aishia
1,aishlin
4,aislinn
1,aislyn
1,aislynn
1,aislynne
1,aiya
2,aiyana
1,aizon
1,akash
1,akasha
1,akashdeep
1,akayla
1,akaysha
1,akeema
2,akira
1,akiva
1,akke
1,akosua
1,akzana
1,ala
1,alaa
7,alaina
1,alainna
1,alaira
13,alana
1,alanah
1,alandra
1,alanis
8,alanna
4,alannah
1,alaura
7,alayna
1,alaysha
1,alaysia
1,alberta
2,alea
4,aleah
1,aleara
1,alease
1,aleasha
1,aleashea
1,aleeyah
2,aleena
2,aleesha
1,aleeya
2,aleeza
2,aleisha
1,alejandra
3,aleksandra
3,alena
1,alera
3,alesha
3,alessandra
1,alessandria
3,alessia
1,aleta
1,aletha
2,alethea
1,alethia
10,alex
21,alexa
95,alexandra
1,alexandra-rebecca
2,alexandrea
23,alexandria
3,alexi
11,alexia
64,alexis
1,alexsandra
3,alexus
1,alexys
1,alezaundra
1,ali
4,alia
1,aliasha
5,alice
1,aliceah
31,alicia
1,alida
1,alieka
1,aliera
5,alina
3,alisa
12,alisha
1,alishah
1,alishia
1,alisia
13,alison
11,alissa
1,alissa-roni
1,alissar
1,alisyn
4,alivia
3,alix
1,alixandra
1,alixx
4,aliya
6,aliyah
1,aliza
1,allannah
1,allayna
1,allecia
1,allegra
1,allena
1,allene
1,alley
1,alleya
1,alli
1,allia
2,allie
31,allison
1,allissa
2,allora
3,ally
1,allycen
1,allysa
1,allysan
6,allyson
4,allyssa
1,allyxjandria
1,alondra
3,alora
1,alphonsine
1,althaea
2,althea
1,alura
1,aluxandra
1,alwxandria
1,alyana
3,alycia
1,alyna
1,alys
1,alysandra
1,alyse
8,alysha
1,alyshah
2,alyshia
2,alysia
1,alysia-marie
7,alyson
113,alyssa
1,alyvia
2,alyx
1,alyxandra
1,alzhra
1,amna
1,ama
1,amal
1,amaly
1,amanbir
82,amanda
1,amanda-hubn-huynh
1,amanda-jones
1,amany
2,amar
3,amara
1,amarachi
1,amarae
1,amaranta
1,amaris
1,amarnie
1,amatul
51,amber
2,amber-lynn
1,amber-lynne
1,amber-marie
1,ambriel
1,ameena
1,amel
20,amelia
1,amell
1,amellia
1,amena
1,america
1,amethyst
2,ami
1,amica
1,amie
1,amila
1,amilia
3,amilie
4,amina
2,aminah
4,amira
1,amirah
2,amisha
1,amitdeep
1,amlika
1,amnish
1,amou
1,amrit
1,amrita
92,amy
1,amye
5,ana
1,ana-maria
1,anabella
1,anabelle
1,anah
1,analea
1,analia
1,analiese
1,analise
10,anastasia
1,anastasia-marie
1,anazi
3,andi
26,andrea
1,andreah
1,andrie
1,andrina
1,aneeka
1,aneesha
1,aneisha
1,anfia
17,angel
23,angela
1,angele
1,angelia
11,angelica
1,angelika
1,angelin
13,angelina
2,angeline
1,angelique
1,anica
1,aniela
19,anika
1,anikyne
1,anila
1,anisha
2,anissa
8,anita
2,anjali
1,ankita
1,ankush
1,anmol
1,anmoldeep
4,ann
1,ann-marie
61,anna
1,anna-bella
2,anna-maria
4,anna-marie
1,anna-may
3,annabelle
1,annabeth
1,annalese
3,annalise
7,anne
4,anne-marie
1,anneka
1,anneke
1,anneli
3,anneliese
2,annelise
5,annette
1,annick
19,annie
17,annika
1,annissa
1,anny
1,anok
1,anoop
1,anoushka
1,anshu
1,antoinette
2,antonia
1,anusha
1,anwar
1,anwyn
2,anya
1,aobhin
1,aoife
1,aphrodite
1,apollonia
10,april
1,aqsa
1,ara
1,aradhana
2,araya
1,arba
2,arden
1,areej-e-zehra
2,aria
1,ariadne
8,ariana
4,ariane
12,arianna
1,arianne
11,ariel
4,arielle
1,aries
2,arika
1,arilyn
1,arista
1,aristaea
1,aritee
1,arleen
1,aroob
1,arpanjot
1,artemis
1,artina
1,arupa
1,aryana
1,aryanna
1,arys
5,asha
1,ashely
1,ashita
10,ashlee
1,ashleen
9,ashleigh
144,ashley
1,ashley-morgan
1,ashli
1,ashliegh
3,ashlin
3,ashly
1,ashly-paige
20,ashlyn
7,ashlynn
1,ashlynne
1,ashten
4,ashton
2,ashtyn
1,ashwariya
1,ashyana
4,asia
1,asiyah
2,asma
7,aspen
1,aspyn
1,aspynn
1,asra
1,assia
1,astrid
1,ataiya
2,athena
1,athina
1,atina
1,atlantis
1,atredies
4,aubrey
2,audra
5,audrey
2,augustine
1,aula
1,aundrea
2,aura
2,aurelia
1,auriel
1,aurin
8,aurora
1,austyn
1,autum
1,autume-rain
15,autumn
21,ava
1,ava-marie
1,avalea
2,avalon
1,avenlea
1,averey
2,averi
25,avery
1,avhie
1,avion
1,aviya
1,avjot
2,avneet
1,avrey
1,avriana
1,avrielle
2,avril
1,avrill
1,avy
1,awiet
1,aya
6,ayah
1,ayaka
1,ayana
1,ayanna
2,ayat
1,ayda
1,aydan
3,ayden
1,ayely
2,ayesha
10,ayla
1,aylla
1,ayman
1,ayronn
2,aysha
1,ayvree
1,ayyat
1,azhalay
1,azia
1,azlyn
1,azra
1,azra-sultan
1,bridgit
1,bahiea
6,bailee
2,baileigh
70,bailey
2,bailie
1,bailley
1,baillie
1,baljot
1,balnoor
1,balsie
1,barbie
1,batoul
4,baylee
2,bayley
1,baylie
1,bb
1,beatial
3,beatrice
1,beauty
3,becky
1,bee
1,bela
2,bella
2,belle
1,beretta
1,berleen
2,bernadette
4,bertha
1,bessie
8,beth
1,bethanie
23,bethany
1,bettiel
1,betty
1,bevan
1,beverley
1,beverly
1,beyounch
1,bhaveesha
1,bhavini
1,bhavneet
1,bhreagh
10,bianca
1,biancamaria
1,bienrose
3,billie
2,billy
2,blair
5,blaire
1,blake
1,blanka
1,blaze
1,blondelle
1,bobbi
1,bobbi-jo
1,bobbie
1,bradean
1,bradi
1,bradi-anne
4,braelyn
2,braelynn
1,braelynne
1,brailey
1,braleigh
3,brandi
1,brandi-lee
1,brandon
4,brandy
1,brannon
4,brayden
1,braylea
2,brea
4,breana
2,breann
44,breanna
1,breanna-reese
13,breanne
2,bree
1,breea
2,breeana
2,breeann
3,breena
1,brekell
3,brenda
1,brendzy
16,brenna
1,brenna-lynn
2,brennah
1,breton
1,bretonnie
1,brett
1,brettney
1,bretton
1,bri-anna
1,bria
10,briana
1,brianda
1,briann
82,brianna
10,brianne
1,briar
5,bridget
2,bridgette
3,brie
1,brie-anne
1,brieal
1,brieann
3,brieanne
1,brieawna
9,brielle
2,brighid
1,brigid
1,brigit
1,brigitte
1,briley
1,brin
1,brina
1,brissa
1,britain
1,britanie
1,britannia
1,britany
1,brithany
15,britney
1,britnie
1,brittaney
2,brittani
2,brittanie
39,brittany
1,brittany-ann
1,brittany-diana
1,brittiany
1,brittnee
22,brittney
1,brittni
1,brodi
1,bronte
1,bronwen
13,bronwyn
1,bronwynn
6,brook
1,brook-lyn
75,brooke
1,brooke-lyn
1,brooke-lynn
2,brookelyn
1,brookelynn
2,brooklin
84,brooklyn
16,brooklynn
1,brooklynne
1,brownwyn
3,bryana
2,bryanna
1,bryanne
1,bryce
1,bryer
3,brylee
7,bryn
1,bryna
1,brynley
14,brynn
4,brynna
4,brynne
1,burke
1,burlyn
1,bushara
1,buvneet
1,chaeli
1,c.jae
1,cachell
1,cachius
3,cadence
1,cady
1,cael
1,caelan
2,caeleigh
1,caelestis
1,caeli
1,caelia
1,caelin
3,caelyn
1,caileah
2,caileigh
2,cailey
2,cailin
1,cailley
2,cailyn
1,cailynn
1,cailynne
32,caitlin
20,caitlyn
1,caitriona
1,caityn
1,calee
6,caleigh
1,caley
2,cali
1,calie
11,calista
1,calla
1,callandra
2,callen
2,calley
6,callie
1,cally
1,calyn
1,calyne
1,calynne
1,calyssa
1,calysta
1,cambell
1,cambrey
1,cambria
8,cameron
1,cameryn
5,camille
1,camilyn
1,cammy
1,campbell
1,camren
1,camrie
20,camryn
6,candace
5,candice
1,candiss
1,caoimhe
1,capri
10,cara
1,cara-joy
1,caralee
1,carelyn
9,carissa
2,carla
5,carlee
1,carleen
4,carley
3,carli
3,carlie
1,carlie-ann
21,carly
1,carmela
1,carmella
20,carmen
1,carmina
1,carmyn
3,carol
1,carol-joy
1,carolin
3,carolina
12,caroline
6,carolyn
1,carolynn-ann
1,carra
1,carri
4,carrie
1,carrington
2,carsyn
2,carter
1,carylanne
1,caryn
1,carys
5,casandra
7,casey
1,cason
58,cassandra
1,cassedi
1,cassia
1,cassidi
80,cassidy
7,cassie
1,cassiel
1,cat
1,catarina
2,catelynn
1,catey
1,catharine
20,catherine
1,cathie
1,cathleen
1,cathryn
3,catriona
1,cayce
1,cayden
1,cayenne
4,cayla
1,caylee
2,cayleigh
7,cayley
1,caylin
1,caylyn
1,ce'nedra
1,ceaira
3,ceanna
2,ceara
1,cecelia
1,cecile
2,cecilia
5,ceili
2,ceilidh
1,ceilie
1,celene
4,celeste
1,celia
7,celina
5,celine
1,celisity
1,centurie
1,ceri
1,cestra
1,cevanna
1,ceyanna
6,charity
1,chaahat
1,chace
1,chaelah-ann
1,chai
1,chaley-anne
1,chalize
1,challen
1,chana
2,chance
1,chandelle
1,chandni
2,chandra
4,chanel
3,chanelle
1,channce
1,chanpreet
16,chantal
2,chante
11,chantel
14,chantelle
1,chantey
1,chanti
1,chanyn
1,charife
1,charis
3,charlee
5,charlene
1,charlese
1,charli
1,charliah
1,charlise
4,charlize
19,charlotte
3,charly
1,charlye
1,charmae
1,charmain
5,charmaine
1,charnell
1,chasey-james
4,chasity
1,chassidy
1,chassity
2,chastity
1,chavez
1,chaylee
1,chaysah
1,chayse
1,chelan
1,chelisa
1,chelse
53,chelsea
18,chelsey
1,chenelle
1,chenoa
1,cherakee
1,cheralyn
1,cheralynn
1,cheranda
1,chereese
1,cherice
1,cheriden
1,cherie
1,cherise
2,cherish
1,cherlen
1,cherokee
1,cherry
4,cheryl
1,cherylea
1,chevanna
1,chevaughn
1,chey
2,cheyanna
6,cheyanne
22,cheyenne
1,cheyleen
2,cheylene
2,cheylin
1,chianna
3,chiara
1,chimoni
77,chloe
6,chloi
3,chlok
1,chlve
3,christie
1,chrissie
2,christa
1,christal
1,christi-noelle
1,christiann
1,christianne
1,christin
41,christina
21,christine
1,christobelle
1,christopher
3,christy
1,christyanna
1,chyanne
1,ciana
2,cianna
9,ciara
3,cienna
2,cierra
1,ciilm
1,ciline
1,cindell
12,cindy
2,clair
47,claire
6,clara
5,clare
1,clarisa
11,clarissa
8,claudia
2,claudine
1,cleopatra
1,clodagh
2,cloe
1,clorissa
1,cloyee
1,cnantal
1,cobi
1,coby-dawn
1,codee
2,codi
1,colbi
2,colby
1,cole
2,colette
4,colleen
1,connie
1,constance
1,coralie
8,cora
4,coral
1,coralee
1,coralynn
1,corbin
1,corey
1,corinne
1,corinthe
2,corissa
1,corliss
1,corly
1,cornelia
1,cornella
1,corra
1,corrall
1,correne
1,corrie
1,corrin
1,corrina
2,cortney
1,cortni
1,cory
1,cory-lee
1,coryn
1,costantina
1,courteney
1,couper
1,courtlyn
68,courtney
1,courtney-lynn
1,courtni
1,courtnie
1,cree
1,creeann
1,crishiallie
1,cristal
1,cristan
1,cristiana
1,cristin
1,cristina
8,crystal
2,cyan
1,cyanne
1,cydnee
1,cydney
1,cydnie
1,cyerra
1,cylie
1,cylliena
1,cyndy
11,cynthia
1,cyrel
3,desirae
1,d'anneka
2,dacey
1,daegan
1,daejalee
1,daelyn
1,daidien
1,daidrien
8,daisy
1,daityn
1,dakhota
2,dakoda
30,dakota
1,dakotah
1,dale-lyn
1,dalen
1,dallas
1,dallee
1,dallis
1,dalliz
1,dalresha
1,dalynn
1,dalynna
1,damara
1,damaris
1,damian
14,dana
4,danae
1,danah
1,danai
2,danak
1,daneet
2,danelle
1,danette
3,dani
1,dania
1,danialle
13,danica
2,daniela
3,daniella
63,danielle
14,danika
1,danikah
1,danikka
3,danni
1,danni-lee
1,dannica
1,dannielle
1,dante
1,danusia
3,danya
1,danyah
1,danyia
1,dao
6,daphne
4,dara
1,darae
1,darah
1,darbi
16,darby
1,darby-jayne
1,darcey
3,darci
1,darcy
6,daria
8,darian
1,dariane
1,darienne
1,dariyan
1,darla
5,darlene
1,darleth
1,darrah
1,darrell
1,daryan
1,daryl
1,daryna
1,dasheena
1,davaney
1,davina
1,davita
4,dawn
1,dawn-marie
1,dawnella
2,dawson
1,daxxon
1,dayelle
1,daylee
1,daylon
1,dayn
9,dayna
1,daysha
1,dazlyn
1,de
1,deaira
2,deana
1,deandra
10,deanna
1,deannah
1,deanne
4,debbie
1,debonaire
1,debreanna
1,deena
1,deidra
2,deirdre
1,deisha
1,deistany
1,deja
2,delaina
1,delaine
3,delainey
1,delana
18,delaney
1,delanie
1,delanya
1,delayna
1,delayne
1,delayni
1,delcia
2,delia
1,deliane
5,delilah
1,delise
1,delona
1,demetra
1,demi
3,denae
1,denai
1,denait
2,denay
1,deneka
1,denell
1,denesha
1,deni
1,denielle
1,denika
5,denise
1,dennah
1,dennai
1,deprise
1,deryn
2,desarae
1,desarai
1,deserae
1,desha
1,deshann
1,desirea
8,desiree
1,desrie
1,desserae
5,destinee
1,destiney
2,destinie
32,destiny
1,destiny-jade
1,destiny-raye
1,destyni
3,devan
4,devin
1,devlynn
3,devon
1,devon-rae
1,devonee
1,devorah
1,devroop
4,devyn
1,devynn
1,deziere-anna
1,dezire
1,deziree
1,dhalia
1,dharma
1,dhyanavi
2,diamond
10,diana
2,diane
2,dianna
1,dianne
1,didimo
1,dija
2,dilpreet
1,dima
1,dina
1,dione
1,dionna
1,dionne
3,divya
1,dixen
1,djellza
1,dominic
4,dominique
1,domnika
1,domonique
1,donica
7,donna
2,dora
1,dorah
1,dorathea
1,dorathy
1,doreen
1,dorianna
1,dorianne
1,doris
5,dorothy
1,dorothy-anne
1,dorsetta
1,doua'a
1,dove
1,draaven
1,draya
1,dresden
7,drew
1,dreyvin
1,drucilla
1,drusilla
1,duchess
2,dylan
1,dylana
1,dylanna
1,dynaya
1,eagle
1,earon
1,eavy
1,ebony
1,echo
1,echodawn
3,eda
1,edan
1,edana
17,eden
3,edith
1,edleenna
2,edna
1,edris
1,edynne
1,ee
1,eeman
1,eianna
3,eileen
1,eilleen
1,ekram
1,ekta
1,ektaa
3,elaine
1,elaina
1,elana
1,elanna
1,elara
1,elayna
1,eleanor
1,electra
7,elena
1,elesabeth
1,elescia
2,elexa
1,elexia
1,elham
1,eliah
3,eliana
1,eliana-inez
1,elianna
2,elif
1,elinor
1,eliora
1,eliot
3,elissa
2,elisa
7,elisabeth
16,elise
4,elisha
1,elita
1,eliya
6,eliza
72,elizabeth
1,elizaveta
15,ella
2,elle
5,ellen
1,elli
1,ellianna
5,ellie
1,ellise
1,ellisha
1,elliza
1,eloise
1,elora
2,elsa
1,elsie
1,elyn
1,elysa
2,elyse
1,elysia
1,elyssa
1,elza
1,ema
1,emaly
1,emalee
3,eman
3,ember
1,emelie
1,emely
1,emersen
1,emerson
8,emilee
1,emileigh
1,emiley
1,emili
6,emilia
10,emilie
1,emilija
1,emille
1,emillie
277,emily
1,emily-ann
1,emily-marie
1,emilyanne
1,emilyia
1,emilymae
1,emira
1,emlyn
182,emma
1,emma-anne
1,emma-jayne
1,emma-mae-carmel
3,emmalee
1,emmaleigh
1,emmalie
1,emmaline
1,emmalyh
1,emmarae
1,emmarie
1,emme
1,emmi
1,emmily
1,emmma
1,emmulou
2,emmy
1,emmylou
1,emy
1,ena
1,enaam
1,enrika
1,eriana
31,erica
1,ericalynn
1,ericka
31,erika
47,erin
1,erjeta
1,erna
1,ernita
1,erona
3,eryka
1,erykah
8,eryn
2,erynn
1,esfahan
2,esha
1,esprit
1,estelle
12,esther
1,estie
1,eu-rie
1,eunice
7,eva
1,eva-maria
1,evan
2,evangeline
1,evanne
9,eve
1,eveliina
1,eveline
9,evelyn
1,evie
1,evyr
1,ewa
1,ezra
2,ezri
1,fadhrera
1,faethe
46,faith
1,faith-anne
1,faith-marie
1,faithanne
1,faithe
1,falicity
2,fallon
1,falon
1,famke
1,fantasy
1,farah
1,fardosa
1,fareeha
3,farrah
1,fatema
1,faten
4,fatima
2,fatimah
1,fatuma
1,faustina
1,faven
2,fawn
9,felicia
5,felicity
1,feliechia
1,femke
1,fereba
1,feven
1,fevrusa
1,filore
7,fiona
1,fionnuala
1,fiora
1,fiza
3,flora
4,florence
1,foster
1,fouzie
1,franalynn
1,francene
6,frances
1,francesca
1,francis
1,fransline
1,franziska
1,frederika
1,freedom
1,frieda
1,gabby
1,gabrieal
1,gabriel
8,gabriela
8,gabriella
39,gabrielle
1,gail
1,gaillen
1,galadriel
1,ganika
1,garilyn
1,gearya
1,gemini
2,gemma
1,gena
1,genelle
1,geneva
1,geneve
10,genevieve
1,geneviive
1,geniva
1,genna
1,genoise
1,georgeanne
2,georgena
1,georgette
32,georgia
3,georgina
1,geraldine
1,geri
1,germaine
1,gerrie-mae
1,gertruda
1,gertrude
1,ghadeer
1,ghausia
2,gia
1,giada
3,gianna
1,gianne
19,gillian
6,gina
1,giovanna
2,gisele
4,giselle
1,gisselle
2,giulia
1,giulianna
1,glaiza
1,glenda
1,glengelyn
1,gloia
9,gloria
1,glorya
1,godween
94,grace
3,grace-anne
21,gracie
1,gracielle
3,gracyn
1,grayce
1,graycie
1,grayli
1,graysann
1,greer
2,greta
1,guilliana
1,guntaas
1,guramrit
1,gurjot
1,gurkaran
1,gurkirat
6,gurleen
1,gurman
1,gurneet
3,gurpreet
1,gurreet
1,gursimren
1,gurvir
2,gwen
1,gwendalyn
1,gwendoline
1,gwendolyn
1,gwendora
1,gwenyth
1,gwynedde
4,gwyneth
1,gyanjot
1,gyatri
1,ha
1,hanane
1,haania
1,habiba
1,hadassah
2,hadeel
1,hadeer
1,hadley
1,hadya
1,hae-in
1,haely
1,hafsa
1,hafsah
1,haile
1,hailea
4,hailee
1,haileigh
84,hailey
1,hailey-jade
1,haily
1,halaena
1,halah
1,halaina
1,halbine
1,haleema
4,haleigh
1,halema
56,haley
1,haley-jean
2,hali
4,halie
1,halimadhol
1,halla
7,halle
2,hallee
1,hallelujah
1,halley
1,halli
8,hallie
1,hally
1,halyn
1,hamdi-najah
6,hana
1,hanah
4,hanan
2,haneen
1,hanein
24,hanna
244,hannah
1,hannah-grace
1,hannan
1,hanne
1,hariklia
1,harjot
1,harkeerat
2,harleen
1,harleigh
5,harley
1,harli
1,harlie
1,harline
1,harliv
2,harman
1,harmanpreet
1,harmeen
1,harmoney
4,harmony
1,harnoor
1,harper
1,harpreet
1,harriet
2,harsimran
1,harsukhbir
1,haruka
4,haven
1,hawra
1,haya
1,hayden
14,haylee
1,hayleigh
30,hayley
1,hayleyanne
4,haylie
1,hayven
2,hazel
1,heart
14,heather
5,heaven
1,heavenly
1,heba
11,heidi
1,helainna
1,helayna
6,helen
8,helena
1,helene
2,henna
1,hermella
1,hevyn
2,hiba
1,hien
2,hilda
1,hildy
1,hilhna
2,hillary
1,himani
1,hina
1,hiyab
1,ho
1,ho-ching
1,hoda
1,holland
1,hollie
27,holly
2,honesty
26,hope
1,hope-leah
1,hosneara
1,houda
1,houston
1,huda
1,hue
1,hufsa
1,humbeline
11,hunter
1,hyunjin
1,hyunyoung
1,icelyn
1,ida
1,ieesha
1,ileen
1,ilisabelle
1,ilise
1,illiona
1,imaan
1,imaara
2,iman
1,imelda
1,imilie
2,imogen
1,inaya
1,indianna
4,india
1,indiana
1,indica
1,indira
1,indya
1,inessa
1,inga-danja
1,ioana-ilinca
1,iona
6,ireland
1,irem
1,irene
1,irina
7,iris
1,irissa
1,irkoo
15,isabel
2,isabell
31,isabella
32,isabelle
4,isha
1,isidora
1,isis
1,isla
3,isobel
1,israel
1,issabella
1,issoaf
1,itaf
4,ivana
1,ivey
1,ivonna
1,ivorie
1,ivory
8,ivy
1,iwa
1,iya
1,iyatt
1,iyla
1,izaballa
1,izabel
1,izabella
6,janet
4,joelle
1,jordayne
2,jaala
1,jaasmyn
6,jacey
3,jacinta
1,jackelin
1,jackie
3,jacklyn
1,jackson
7,jaclyn
1,jacob
1,jacomina
1,jacqean
9,jacqueline
1,jacy
1,jacyntha
18,jada
1,jada-joy
1,jadalyn
70,jade
2,jadelynn
15,jaden
1,jadesola
1,jadice
7,jadyn
1,jadzia
1,jaed
1,jaeda
1,jaeden
1,jaedon
5,jaedyn
2,jael
1,jaelle
2,jaelyn
1,jaelynne
1,jagreet
1,jahnique
1,jaia
1,jaicey
5,jaida
2,jaide
14,jaiden
4,jaidyn
1,jaihon
1,jaillean
8,jaime
1,jaime-lynn
2,jaimee
1,jaimey
7,jaimie
2,jaina
1,jaipreet
1,jaka
1,jalynn
1,jalaya
1,jaleesa
3,jalen
1,jalila
1,jalind
1,jallelle
1,jalmaine
1,jalyce
1,jalyse
1,jam
1,jamal
1,jameelia
1,jameica
3,jamey
2,jami
25,jamie
1,jamie-leah
1,jamie-lee
1,jamie-lynn
1,jamiela
1,jamisyn
4,jana
9,janae
1,janaia
1,janan
3,janaya
11,jane
1,janee
1,janeissa
2,janell
22,janelle
3,janessa
1,janette
1,janeva
1,janeya
4,janice
2,janine
4,janna
1,jannah
1,jannell
1,jannice
1,janny
1,janoah
1,janyl
1,japjeet
1,japneet
1,jaqueline
1,jasanpreet
1,jasdeep
1,jasey
1,jashnoor
1,jasie
1,jasjit
1,jasjot
3,jasleen
1,jasmean
2,jasmeen
3,jasmeet
1,jasmene
8,jasmin
59,jasmine
1,jasmine-asha
1,jasmine-lee
1,jasmine-rae
3,jasmyn
2,jasmyne
1,jasneel
1,jasnit
2,jasper
2,jaspreet
1,jasreen
1,jasreet
1,jassandra
1,jasslyne
1,jasvine
1,jay-lee
1,jay-lynn
1,jaya
7,jaycee
1,jaycene
1,jaycie
7,jayda
1,jaydaan
1,jaydalyn
1,jaydan
7,jayde
32,jayden
1,jaydin
1,jaydon
1,jayla
1,jaylee
1,jayleen
5,jaylene
3,jaylin
3,jaylynn
2,jaylynne
7,jayme
1,jayme-lee
2,jaymee
4,jaymie
4,jayna
1,jaynie
1,jazeeba
3,jazlyn
1,jazmeyne
5,jazmin
2,jazmine
1,jazmyn
2,jazmyne
1,jazzlynn
1,jean
1,jeanann
1,jeanelle
1,jeanille
1,jeanique
3,jeanna
1,jeannette
1,jeevan
1,jeevandeep
1,jehad
1,jehan
1,jehda
1,jelayna
2,jelena
1,jelsey
2,jemma
1,jen-ann
1,jena
5,jenae
1,jenai
1,jenalee
1,jenan
2,jenay
3,jenaya
1,jenayah
9,jenelle
2,jenessa
1,jenevieve
3,jenica
1,jenie
1,jenise
105,jenna
1,jenna-lyn
1,jenna-mae
1,jenna-marie
1,jennagree
1,jennah
1,jennalee
1,jennelle
1,jennessa
1,jennica
50,jennifer
1,jennika
1,jennis
13,jenny
1,jenoah
7,jensen
1,jerah
1,jeramie
1,jeri
1,jerica
1,jerika
1,jerilee
1,jerralyn
3,jerrica
1,jesha
1,jesica
1,jesse-lee
3,jessa
1,jessabelle
1,jessalyn
1,jessann
8,jesse
1,jesseca
1,jessee
1,jessi
1,jessi-rae
198,jessica
25,jessie
2,jessika
1,jessilyn
2,jessy
1,jestean
1,jetta
2,jeunesse
12,jewel
1,jewel-shea
1,jewles
1,jewlia
1,jeyne
1,jezlyn
1,jezrial
1,jgehan
1,jhasmin
1,jhonna
1,jia
1,jianna
5,jill
1,jillana
1,jillanna
1,jilleon
1,jilliam
40,jillian
1,jillina
1,jilvanna
1,jinee
1,jing
1,jireh
1,jo
1,jo-ann
1,jo-belle
2,joan
1,joanie
5,joanna
5,joanne
1,jobelle
1,jobenjit
20,jocelyn
2,jocelynn
2,jodee
1,jodi
2,jodie
1,jody
1,jodyn
1,joely
1,joelyn
1,joenica
1,johaih
4,johanna
1,johnalee
1,johnette
1,joklle
1,jolayna
2,jolee
1,joleen
11,jolene
1,joletta
1,jolie
1,jolyn
2,jonah
1,jonaya
1,jonina
1,jonna
1,jora
49,jordan
3,jordana
1,jordann
3,jordanna
2,jorden
1,jordi-lane
1,jordin
1,jordy
34,jordyn
1,jordynn
1,jordynne
2,jorja
1,josalynn
1,josei
1,joseph
1,josephina
12,josephine
1,josephine-babs
1,josey
1,joshiphine
1,joshlyn
1,josi
1,josiah
18,josie
1,josie-leah
1,josiena
2,joslynn
1,journee
1,journey
1,jovana
1,jovita
1,joy
10,joyce
1,jubieta
1,judaine
1,jude
5,judith
5,judy
1,judzeah
1,judzia
2,julieanna
2,jule
1,juleanne
3,jules
101,julia
1,julian
10,juliana
14,julianna
10,julianne
33,julie
1,julie-anna
1,julieann
1,julien
3,juliet
6,juliette
1,julissa
1,julitta
1,jullieanna
1,julliet
1,jumana
1,jumanah
1,jurnee
1,jurni
13,justice
1,justicte-rose
4,justina
11,justine
1,justyce
1,jyla
1,jylian
1,jynae
1,jyoti
1,kaija
1,katharina
1,khadijah
2,kassie
1,kabrie
2,kacey
1,kacia
4,kacie
1,kacy
1,kadeem
1,kadeja
1,kadesia
1,kadi
2,kadie
1,kadijah
2,kady
1,kaede
1,kaedon
1,kaedyn
3,kaela
3,kaelan
1,kaelei
1,kaeleigh
1,kaelen
1,kaeley
3,kaeli
2,kaely
6,kaelyn
1,kaelynn
1,kahlan
1,kahlen
2,kaia
1,kaijsa
1,kaila
1,kailah
2,kailea
8,kailee
1,kailee-ann
1,kailee-rae
17,kailey
1,kaili
1,kailin
1,kaily
13,kailyn
1,kainat
1,kaitean
2,kaitlan
27,kaitlin
104,kaitlyn
14,kaitlynn
1,kaitlynne
1,kaitryn
1,kaja
1,kala
1,kalaina
1,kalee
5,kaleigh
1,kaleigha
1,kaleisha
5,kaley
1,kaley-ann
13,kali
1,kalia
1,kalie
2,kalin
2,kalina
2,kalinda
2,kalista
1,kallan
3,kallee
2,kalli
6,kallie
1,kallisha
2,kallista
2,kally
1,kally-ann
1,kallyn
5,kalyn
2,kalyna
2,kalysta
1,kamara
1,kameryn
1,kameryne
1,kami
2,kamilla
1,kamisha
1,kamrin
11,kamryn
1,kanchan
1,kandra
2,kansas
1,kaoiah
2,karolina
17,kara
1,kara-lee
1,kara-lynn
1,karah
2,karalee
1,kareema
14,karen
1,karenna
1,karenveer
1,karez
3,kari
1,kari-jo
1,karianne
1,karima
8,karina
1,karine
1,karinne
1,karis
2,karisa
1,karishma
1,karisma
5,karissa
3,karla
7,karlee
1,karleigh
1,karley
1,karleya
6,karli
4,karlie
9,karly
2,karlyna
1,karma
1,karman
2,karmen
1,karmon
1,karmy
1,karol
1,karrie
1,karsen
1,karson
2,karsyn
1,karter
1,karyna
1,karys
1,kasadi
4,kasandra
1,kasey
2,kasha
1,kashaye
1,kashlyn
1,kasidy
1,kassadee
16,kassandra
1,kassandra-morrahgin
1,kassaundra
1,kassee
1,kassi
5,kassia
22,kassidy
1,kassy
1,kastewin
1,katalin
1,katalina
1,katana
1,katanna
7,katarina
1,katawnie
36,kate
3,kate-lynn
1,kate-lynne
1,katea
1,katelene
3,katelin
44,katelyn
17,katelynn
3,katelynne
1,katen
2,kateri
5,katerina
1,kateryna
1,katey
1,katharina-maria
1,katharine
70,katherine
1,katherine-eugenia
1,katheryn
21,kathleen
28,kathryn
1,kathy
2,kati
3,katia
1,katianna
29,katie
1,katielee
1,katilyn
1,katja
2,katlyn
1,katlynn
35,katrina
1,katriana
1,katrien
1,katrin
1,katrina-lynn
2,katrine
1,katrisha
3,katy
2,katya
1,kauthar
1,kay-lee
2,kaya
1,kayanna
5,kaycee
1,kaycee-jay
1,kayci
1,kaydee
6,kayleigh
80,kayla
1,kayla-ann
1,kayla-dawn
1,kayla-shay
1,kaylawnni
3,kayle
1,kayleah
54,kaylee
3,kayleen
1,kaylen
2,kaylene
11,kayley
2,kayli
1,kaylia
9,kaylie
7,kaylin
1,kaylinn
6,kaylyn
2,kaylynn
1,kaytee
1,kaytlen
1,kaytlynn
1,kearstin
2,keagan
1,kealey
1,kealy
7,keana
1,keandra
12,keanna
1,keannah
1,keanne
1,keanu
6,keara
1,kearra
2,keasha
1,keatyn
1,keauna
1,keayra
1,keayre
1,kee
1,keeanna
2,keegan
1,keeleigh
1,keeley
8,keely
3,keelyn
1,keerat
2,keesha
1,kefira
2,keiana
1,keicia
1,keifer
1,keily
6,keira
3,keirsten
1,keish
7,keisha
1,keishia
1,keithlyn
1,kelaila
1,kelby
1,kelci
1,kelita
1,kelli
9,kellie
1,kellita
1,kellsie
18,kelly
1,kelsea
38,kelsey
5,kelsi
4,kelsie
1,kelso
1,kelsy
1,kelti
2,keltie
1,kenadee
1,kenadi
2,kenadie
2,kendal
7,kendall
1,kendel
49,kendra
1,kendrick
1,keneeshia
1,keneila
1,kenesha
1,kenginston
1,kenia
1,kenidee
1,kenidi
2,kenidy
1,kenley
7,kenna
1,kennady
1,kennedey
2,kennedie
68,kennedy
1,kenora
1,kensley
1,kenslie
1,kenya
5,kenzie
1,kenzie-taylor
1,kerie
1,kerdessa
1,keren
1,keri
1,keris
1,kerissa
1,keritha
1,kerowny
1,kerra
1,kerri
1,kerri-ann
1,kerriann
3,kerry
1,kerstin
1,kerstyn
1,kesha
1,keshet
1,keshia
1,kessa
1,kestrel
1,ketiya
2,keyana
3,keyanna
1,keyara
1,keylei
1,kezia
1,keziarene
1,khadija
1,khalaila
1,khalood
1,khang
1,kharisma
1,khezya
1,khizra
1,khloe
1,khloie
1,khristina
2,khyla
1,kia
23,kiana
1,kiand
2,kiandra
13,kianna
1,kiannah
37,kiara
5,kiarra
1,kiavna
1,kiayana
1,kieana
1,kieara
1,kienna
22,kiera
1,kiera-lynn
1,kierah
1,kieran
1,kiernan
11,kierra
5,kiersten
1,kierstin
1,kija
3,kiley
6,kim
2,kimberlee
6,kimberley
1,kimberlie
22,kimberly
1,kimbrya
1,kinder
1,kindra
1,kinesha
1,kineta
4,kinley
2,kinsey
1,kinza
1,kinzie
1,kiona
23,kira
1,kira-lynn
1,kirah
3,kiran
1,kirandeep
1,kirin
1,kirklyn
1,kirra
18,kirsten
1,kirsti
1,kirstian
2,kirstin
4,kirstyn
1,kisakaw
1,kisha
1,kishan
1,kishauna
1,kitana
1,kitauna
2,kiyana
1,kiyerra
1,kiyomi
1,klair
1,klarissa
1,kleantha
1,knute
1,koalene
1,koayla
1,kodee
1,kodi
2,kodie
1,kohlby
1,kokoro
2,kolby
1,kolista
2,komal
1,konstantina
4,kora
1,kora-lyn
1,korah
1,koral
2,korbyn
1,kori
1,kori-anna
2,korina
1,korlee
1,kortni
1,korvette
1,kosovare
4,kourtney
1,kowsar
6,krystal
1,kreestel
1,kris
1,krisania
1,krishna
9,krista
1,kristal
1,kristamarie
28,kristen
3,kristi
5,kristie
9,kristin
13,kristina
2,kristine
1,kristny
4,kristy
3,kristyn
1,kristyna
1,kristyne
1,kriveena
1,krizza
7,krysta
1,krystalynn
1,krysten
1,krystina
1,kseina
1,ksenia
1,kuamba
1,kumi
1,kya
1,kyara
2,kyera
1,kyiera
28,kyla
1,kylah
12,kylee
2,kyleigh
14,kylie
1,kylin
1,kynlie
34,kyra
1,kyra-rae
1,kyrah
1,kyrianna
1,kyrie
2,kyrin
2,kyrstin
1,kysa
1,kyssa
1,kytt
1,l.
1,la
1,laara
1,lace
7,lacey
3,lachelle
1,lacie
1,lacie-jae
1,lactriva
2,lacy
1,ladawn
1,laeba
1,laeken
1,lael
1,laiken
1,laikynn
3,laila
1,lailah
1,laisa
1,lake
1,laken
1,lakeysha
1,lakoda
2,lakota
1,laleh
1,lalia
1,lamara
1,lameese
1,lan
3,lana
1,lanae
1,landice
1,landis
1,landra
1,lanea
1,laneah
1,laney
1,langley
1,lanna
1,laora
11,larissa
1,larissah
1,lashae
1,lashaya
1,latavia
1,lateasha
1,latoya
1,latrice
1,latricia
28,laura
1,laureen
5,laurel
1,laurelle
112,lauren
1,laurene
1,laurie
1,laurie-anne
1,laurin
1,laurissa
16,lauryn
2,lavina
1,lavren
1,laycee
1,laycie
4,layla
2,layne
1,laynie
1,le
33,leah
1,leaha
2,leana
2,leann
5,leanna
4,leanne
1,leavi
1,leeanna
1,leeanne
1,leeda
2,leela
1,leen
1,leena
1,leesha
2,leeza
2,leigh
3,leila
1,leilani
1,lejia
1,lella
1,lena
1,lenassa
1,lenneah
1,lenora
1,lenore
8,leona
1,lescia
1,lesia
1,lesleigh
4,leslie
1,leticia
1,letitia
1,levy
1,lexa
9,lexi
1,lexi-mae
9,lexie
1,lexis
2,lexus
1,lexxes
1,lexy
1,leyla
3,lia
1,liana
1,lianna
1,lianne
1,liberty
1,libirty
1,liesbeth
1,liesl
1,lila
3,lili
1,lili-ann
3,lilian
2,lilianna
1,lilli
1,lillia
5,lillian
1,lilly
14,lily
2,lilyann
4,lina
1,lincoln
10,linda
17,lindsay
15,lindsey
1,lindy
3,linh
2,linnea
1,linsey
1,linzi
24,lisa
1,liselle
2,liv
1,livia
1,livian
1,lizelle
1,lizeth
1,llyr
1,loan
1,lochlyn
1,lochlynn
3,logan
1,logyn
2,lois
1,lok
2,lola
2,lora
2,loretta
3,lori
1,lori-mae
2,lorna
1,lorra
2,lorraine
1,lorry
1,lot
1,louillan
2,louise
1,lovejot
2,loveleen
1,lovelin
1,lovepreet
2,lucille
1,lucky
8,lucy
1,lucy-ann
1,luella
1,lujan
1,luna
1,lwam
6,lydia
1,lyla
1,lyla-jean
1,lyn
1,lyna
2,lyndell
1,lyndi
1,lyndsay
1,lynece
2,lynette
1,lyniah
1,lynn
1,lynnae
2,lynne
1,lynnita
1,lynnsay
1,lyra
1,lyvia
1,lyzza
1,mary-jane
1,merren
2,madelaine
1,maakaa'kii
1,maansi
1,maariah
1,mabel
1,macaela
1,macaley
2,macayla
2,macey
2,macen
1,machaila
1,maci
2,mackayla
1,mackenize
8,mackenna
174,mackenzie
1,mackenzie-lynn
1,mackina
1,mackinley
1,mackinley-ann
8,macy
1,madalaina
3,madalyn
1,madalynn
1,madalynne
1,maddesyn
2,maddie
15,maddison
14,madeleine
37,madeline
1,madeline-dale
7,madelyn
2,madelyne
1,madelynn
1,madilyn
1,madina
7,madisen
187,madison
1,madisson
3,madisyn
1,madisynn
1,madonna
2,madysen
6,madyson
1,madysson
2,mae
1,maelle
7,maegan
1,maelen
1,maelene
1,maeran
3,maeve
1,magdalen
1,magdelene
1,magen
13,maggie
1,maggie-jayne
1,maghan
1,magnolia
1,mah
1,maha
1,maheema
2,maheen
1,mahnoor
1,mahrya
1,mahtya
1,mai
11,maia
1,maile
1,mailey
2,mairi
1,maisa
1,maisie
1,maisy
1,maitland
1,maitlynn
1,maitraya
1,maiya
1,maizel
1,maja
5,makaela
1,makala
1,makana
33,makayla
1,makayla-lynn
4,makena
1,makendra
18,makenna
1,makenzi
7,makenzie
1,makia
1,mako
1,makyla
2,malak
1,malayah
1,malea
1,maleah
1,maleeha
1,maleigha
1,malhar
1,mali
1,maliha
3,malika
2,malina
1,mallay
4,mallory
1,manahel
2,manal
1,manar
1,manasi
1,mandeep
1,mandepp
1,mandi
1,mandie
1,mandip
4,mandy
1,manisha
1,manita
1,manja
1,manmeet
1,mannvir
1,manpreet
1,mansukh
2,manvir
1,mara
1,mara-jade
1,marah
1,maral-sonia
1,maralyn
1,marawe
1,marcedece
2,marcella
1,marci
1,maree
4,maren
1,maressa
1,margaratha
16,margaret
38,maria
18,mariah
1,marialejandra
1,marialuisa
6,mariam
1,mariam-eva
1,mariameya
1,marian
1,mariane
4,marianne
11,marie
1,mariecris
1,marielle
1,marigan
2,marigona
1,marijke
1,mariko
1,marilyn
12,marina
1,marinda
1,marion
5,marisa
1,mariska
23,marissa
1,marit
1,marita
1,marixa
2,mariyah
1,marleina
4,marlee
1,marleigh
3,marlene
5,marley
1,marleyna
1,marlo
1,marnath
1,marquita
1,marriam
1,marrissa
1,marsaiteze
2,marta
6,martha
1,martie
7,martina
1,martine
1,martyna
5,marwa
1,marwah
32,mary
1,mary-jean
1,maryam
3,maryann
1,maryanne
1,maryelle
1,maryium
2,maryn
1,maryssa
1,masha
1,mason
1,matah
1,matasin
5,mataya
1,mathia
1,mathilde
2,matilda
7,mattea
1,matti
2,mattia
3,mattie
1,mattilyn
1,maureen
1,maurghan
1,maveena
1,maxime
2,maxine
2,may
33,maya
1,mayah
1,mayenn
1,maylee
1,maylene
1,maysa
1,maysaa
1,mayu
1,mazel
1,mazlyn
1,mcclay
1,mccrory
1,mckayia
10,mckayla
1,mckena
26,mckenna
2,mckennah
1,mckenzi
18,mckenzie
1,mckenzie-rae
1,mckinlee
2,mckinley
1,mckynzie
1,meadhbh
2,meadow
19,meagan
1,meagen
5,meaghan
1,medasia
1,meeca
1,meegan
2,meera
5,meg
165,megan
2,megha
32,meghan
1,meghann
1,meghna
1,megyn
1,meirna
2,mekayla
1,mekenna
1,mekwan
15,melanie
1,melany
2,melat
1,melenna
1,melika
1,meliha
1,melila
6,melina
4,melinda
1,melishia
39,melissa
1,melissa-rae
1,melodee
8,melody
1,melveena
1,melynda
1,melyssa
1,menal
1,menerva
1,menhel
1,mercedees
9,mercedes
1,mercy
4,meredith
1,meri-tegan
1,merisha
3,merissa
1,merranda
1,merrin
1,merve
1,mesha
1,mhaylee
13,mia
1,mianna
8,micah
1,micaila
2,micayla
1,michael
25,michaela
1,michaella
1,michaila
2,micheala
1,michela
1,michele
1,michell
51,michelle
1,mickala
4,mickayla
1,mickelle
1,mickey
1,mickinley
1,miclain
1,mihayla
1,mika
16,mikaela
1,mikaelee
1,mikah
1,mikaila
1,mikailla
1,mikala
1,mikalya
1,mikarla
53,mikayla
1,mikela
3,mikenna
1,mikenzie
1,mikhaila
2,mikhayla
1,mikki
1,mila
1,milae
1,milaina
2,milan
4,milana
1,milbery
1,mileah
1,milena
1,milina
1,milisande
1,milley
2,millie
1,milodie
1,mimi
1,min-kyoung
1,mindy
1,minh
1,minnatullah
1,mira
17,miranda
2,mireille
2,mireya
1,miriah
4,miriam
1,mirian
1,mirna
1,miryn
1,misha
1,mishelle-monika
1,mishyla
1,missy
2,misty
2,miya
1,miyah
1,miyah-mae
1,mkinnah
4,moira
19,molly
1,momo
6,mona
1,monaya
11,monica
3,monika
1,monike
5,monique
1,monisha
9,montana
1,montana-jean
1,montana-rae
1,montanna
1,morgan-leigh
86,morgan
1,morgan-eden
1,morgann
1,morgen
2,moriah
1,mulki
2,muna
1,munesah
2,muni
1,muniira
1,munira
1,muraam
1,muskan
1,mutahira
1,my
18,mya
1,mya-jane
7,myah
1,myia
1,mykaela
1,mykah
1,mykala
1,mykayla
1,mykelti
1,mykenzie
2,myla
1,myla-anne
1,myra
2,myranda
3,myriam
1,myrissa
1,mystyn
1,naankeet
3,nada
1,nadene
18,nadia
7,nadine
1,nahomi
1,naia
1,naiomi
1,najla
1,najma
1,nakayo
1,nakia
1,nakisha
1,nakoda
2,nakota
1,nameerah
1,namoos
1,nana
7,nancy
1,nanette
1,naokah
28,naomi
1,naraya
1,narissa
1,narisse
1,nasha
16,natalia
1,nataliah
33,natalie
4,natalya
1,natascha
43,natasha
1,natasia
1,natausha
1,nataya
1,natehja
1,nathalie
1,nathaly
2,nathasha
1,nati
1,natile
1,natonia
1,natsumi
1,naturlyn
1,natuscha
1,nautica
1,navita
1,navjot
4,navneet
2,navpreet
1,navreet
1,navrit
1,nawaal
1,nayab
1,nayana
1,naydaura
1,nayha
1,nayla
1,nazifah
1,nazish
1,neav
1,neel
1,neelam
1,neena
1,neeti
1,neeve
1,neewana
2,neha
1,neige
1,neika
1,nela
1,nelina
1,nelissa
1,nell
2,nella
2,nellie
1,neshama
1,neshira
1,nesrien
1,nessa
1,nessajane
4,nevada
3,neve
1,nevin
3,ngoc
1,nhi
1,nia
1,niah
2,niamh
1,niayah
1,nichelle
1,nicholas
4,nichole
1,nicholle
1,nicketa
3,nicola
116,nicole
4,nicolle
1,nicolle-ann
2,nida
1,nidhi
1,nieve
1,niharika
1,nika
1,niki
1,nikisha
17,nikita
1,nikitia
5,nikki
1,nikkisha
1,nikole
2,nikolette
1,nikoma
1,nimra
1,nimrit
10,nina
1,niomi
1,nirmol
1,nitaljah
1,nitanis
1,nitraya
1,nivi
1,niya
1,nizakat
1,nkaya
1,nneka
1,noa
1,noah
3,noelle
1,noga
1,noimie
1,nolena
1,noor
1,noor-brittney
2,nora
1,norah
1,norma
1,nouha
2,nour
1,nour-alhoda
1,nours
1,nova
1,novena
1,nuha
1,nusrat
2,nyah
1,nyabuke
1,nyadholi
1,nyahoal
1,nyamach
1,nyaroup
1,nyat
1,nyathijin
1,nyayiel
1,nyehok
1,nyetoang
2,nyomi
5,ocean
1,ocianne
1,octavia
2,odessa
1,oksana
99,olivia
1,oluchi
1,olwen
1,olyvia
1,omayia
1,oneesa
1,onyinye
3,opal
1,oranab
1,oranne
1,oriana
1,orianna
1,osa
1,oumaima
1,padmaja
1,paeton
1,page
1,paget
1,paidon
80,paige
1,paige-lynn
1,paighton
1,paisley
2,paiton
2,paityn
1,pall
1,paloma
1,palveen
3,pamela
1,pandora
1,panika
1,paradise
1,pari
5,paris
2,parker
2,parneet
1,parres
1,parwana
1,pascale
11,patricia
1,paula
1,pauleen
6,paulina
5,pauline
1,pavlina
2,pavneet
2,paxton
3,payten
1,paytin
55,payton
1,paytra
1,paytyn
2,pearl
1,pearlie
1,peeha
1,peighten
1,peka
1,penina
1,peri
1,perla
1,perveen
5,petra
11,peyton
1,phebe
1,pheobe
4,pheonix
4,phoebe
2,phoenix
1,phung
2,phuong
1,phynix
1,piera
13,piper
1,polina
1,polly
1,pompeia
2,pooja
1,porscha
6,portia
1,prabh
1,prabhleen
1,prableen
1,pravjit
1,prea
1,preanka
2,precious
1,preet
1,preeti
2,presley
1,preslie
2,priscilla
1,pritika
1,priya
2,priyanka
4,puneet
1,pyper
1,qaila
1,qaisara
1,quenie
1,querida
1,quiana
1,quidje-bo
1,quinan
1,quincy
1,quinlyn
8,quinn
1,quinnlyn
1,quissianna
1,quistis
1,qurstine
19,rachael
94,rachel
1,rachele
13,rachelle
1,racquel
3,rae
1,rae-anna
1,rae-anne
1,rae-lee
2,rae-lynn
1,raeanah
1,raeann
3,raeanna
1,raeanne-marie
1,raedon
6,raegan
1,raeghan
1,rael
1,raeleigh
4,raelene
1,raelie
1,raeline
1,raelle
5,raelyn
3,raelynn
1,raelynne
1,raenna
1,raheal
1,rahwa
1,raimee
2,rain
3,raina
1,raine
1,rainna
1,rainne
1,rainy
1,raiya
1,rajaa
2,rajdeep
1,ramita
1,ramneek
1,ramneet
1,ramona
1,ramsha
4,rana
1,randa
1,randelle
5,randi
1,randina
1,rane
1,raneem
1,raneen
1,ranelle
3,rania
1,ranielle
1,ranim
3,raquel
1,raquelle
1,rashana
1,rauann
1,rava
1,ravanjot
1,ravdeep
1,raveen
7,raven
1,ravin
1,ravneet
1,ravyn
3,raya
1,rayah
1,rayann
2,rayanne
1,raychel
1,rayden
1,raye-lynn
3,rayel
2,rayelle
1,rayen
1,raygen
1,rayleen
2,raylene
1,raylyn
1,raylynda
6,rayna
5,rayne
1,raynelle
1,razan
5,reagan
1,reaghan
1,reainha
1,realle
1,reann
5,reanna
3,reanne
1,reannen
1,reath
1,reatha
1,reaven
1,rebeca
1,reba
92,rebecca
1,rebecca-lyn
1,rebecca-lynn
3,rebecka
17,rebekah
1,rebekka
1,rebekkah
7,reece
2,reed
5,reegan
3,reem
1,reema
3,reena
11,reese
13,regan
1,reghan
2,reha
1,rehab
1,reham
1,reid
2,reiley
5,reilly
1,reishi
2,rema
1,reme
1,remidey
4,renae
2,renata
1,renatta
1,renay
1,renbir
2,rene
1,reneby
8,renee
1,renei
9,renie
1,renisha
2,renita
1,renna
1,rennelle
1,renzelle
1,reocrisina
1,resida
1,reyanna
1,reyanne
1,reyhan
2,reyna
1,reyne
2,rezan
1,rhaeannon
2,rheanna
1,rhenolda
5,rhianna
6,rhiannon
1,rhien
1,rhiley
1,rhoda
1,rhyann
1,rhyjenn
1,rhyleigh
3,rhys
2,ria
1,rian
3,riana
1,riane
2,rianna
3,rianne
2,richelle
1,ricki
1,ridah
1,rieley
1,rielle
1,riely
1,riesa
1,rika
1,riki
1,rikke
1,rileigh
16,riley
1,rili
1,rima
1,rina
2,riona
1,ripley
5,rita
1,ritika
1,river
1,riya
1,roanne
1,roanne-mae
1,robert
3,roberta
1,robi
13,robin
32,robyn
1,robynne
6,rochelle
1,rodenna
1,roisin
1,rojin
1,rojine
1,ronda
1,ronell
1,ronelle
1,roni
1,ronin-mae
2,rori
1,rory
2,rosa
1,rosa-maria
1,rosalee
2,rosalie
1,rosalind
1,rosalyn
1,rosalynd
3,rosanna
1,rosanne
8,rose
1,rosea-maria
2,roseanne
2,rosemarie
2,rosemary
1,roshanne
1,rosie
1,rossalyn
1,rosslyn
7,rowan
1,rowen
1,rowyn
4,roxanne
1,roz
1,rozellia
1,rsismn
2,ruby
1,rudi
1,rula
1,rupneet
1,ruqaia
1,ruta
4,ruth
1,ruvina
6,ryan
1,ryane
3,ryann
1,ryean
1,ryelli
1,ryiah
2,rylan
1,rylea
17,rylee
4,ryleigh
4,ryley
5,rylie
1,ryliegh
2,samar
1,seeley
5,serenity
1,shkurt
158,sydney
1,saadia
2,saba
1,sabina
1,sabra
2,sabree
23,sabrina
1,sabryna
1,sadda
1,sade
1,sadee
1,sadey
1,sadhvi
2,sadi
2,sadia
14,sadie
1,sady
1,saffia
1,saffirean
1,saffron
1,safia
1,safiya
1,safrina
1,sagan
6,sage
1,sahana
4,sahar
1,sahara
1,sahiba
2,sahra
1,sahro
3,saidee
3,saige
1,saima
1,sainthavi
1,saira
2,saja
1,saje
2,sajida
2,sakura
1,saleena
1,saleh
1,salena
2,salina
1,sally
2,salma
1,saloni
2,samah
1,samaninder
151,samantha
1,samantha-lynn
5,samara
1,samara-irene
1,samara-lyn
1,samarah
1,sameera
1,samina
1,samira
1,sammey
1,sammie
1,sammy
1,samrawit
1,samukeliso
1,samyha
1,sana
1,sanam
6,sandra
1,sanduni
2,sandy
1,sanei
1,sanela
1,sang
1,sangam
1,sanisha
1,sanjana
1,sanman
1,sanshira
2,santana
1,sanya
1,saquoia
67,sara
1,sara-ann
1,sara-dawn
1,sara-jane
1,sarafina
245,sarah
2,sarah-lynn
1,sarai
1,sarceena
1,sarea
1,sargun
1,sari
1,sarina
1,saron
7,sasha
5,saskia
1,sathvika
1,sathya
1,sauannah
1,savana
7,savanah
6,savanna
40,savannah
1,savannha
1,saveena
1,savhanah
1,sawaira
1,sawyer
1,sawyer-ann
1,saya
1,sayaka
1,sayda
1,sayge
1,sayla
2,scarlet
1,scarlett
1,schae-lynn
1,scotlyn
2,sean
1,seanachie
5,seanna
1,sedona
1,sehaj
1,seinab
1,seirra
1,sekoya
1,selah
15,selena
1,selia
7,selina
1,selome
1,sema
1,semi
1,sen-kay
1,senaiah-jeanne
1,senna
1,sephra
1,sequin
1,sequinn
2,sera
1,seraphie
1,seraphin
1,sereena
1,seren
22,serena
1,serene
1,sereya
3,serina
1,serra
1,seryna
1,sevanna
1,shaelynne
1,shadie
1,shady
13,shae
1,shae-lin
2,shae-lyn
6,shae-lynn
1,shae-lynne
1,shaecyn
1,shaela
1,shaelea
1,shaelee
1,shaeleen
4,shaelene
1,shaelin
12,shaelyn
6,shaelynn
1,shagerri
1,shahanah
1,shahed
1,shahn
1,shai
1,shaide
9,shaina
1,shaindel
1,shakeera
1,shakiba
1,shakira
1,shakirah
1,shalane
2,shalee
1,shaleen
1,shaleisa
1,shalena
1,shalini
1,shallen
1,shallynn
1,shalyn
1,shalynn
1,shalysia
2,shana
1,shana-lyne
1,shanae
1,shanaira
1,shanaz
2,shandelle
2,shanee
1,shaneen
1,shanel
1,shanele
1,shanell
3,shanelle
1,shanene
1,shaneta
11,shania
2,shanice
1,shanille
1,shanissa
1,shanley
2,shanna
1,shanna-lynn
1,shanna-rae
1,shannelle
19,shannon
1,shanon
3,shantae
1,shantal
1,shante
1,shantell
4,shantelle
1,shanti
1,sharolyn
1,shara
1,sharandeep
1,sharayah
1,sharena
1,shari
1,sharidyn
1,sharissa
1,sharisse
1,sharla
1,sharley
1,sharman
1,sharmayne
5,sharon
1,sharvani
1,shataya
1,shataya-lyn
1,shaun
11,shauna
1,shaundah
1,shauntel
1,shauntelle
1,shavaun
1,shavonie
1,shawkay
5,shawna
1,shawnassie
1,shawnessy
1,shawnika
4,shay
1,shay-leah
2,shay-lynn
2,shaya
1,shayd
1,shayden
4,shaye
1,shaye-lynn
1,shayene
24,shayla
1,shaylah
1,shayle
2,shaylea
1,shayleah
8,shaylee
1,shayleen
3,shayleigh
4,shaylene
1,shayley
1,shaylie
1,shaylin
5,shaylyn
3,shaylynn
1,shaylynne
13,shayna
2,shayne
1,shaynna
1,shazeda
3,shea
2,shea-lynn
2,sheah
1,shealie
2,shealyn
2,shealynn
1,sheena
1,sheetal
1,sheiva
5,shelbey
1,shelbie
52,shelby
1,shelisha
1,shellaine
1,shelley
4,shelly
1,shelly-anne
1,shelssie
1,shelyse
1,shenise
2,shenisha
1,shenisse
1,sheradan
1,sheree
1,shereen
3,sheridan
1,sheridyn
4,sherry
2,sheryl
1,sherylee
2,sheyanne
1,sheyenne
1,sheyne
1,shezel
1,shiane
4,shianne
1,shila
1,shiloe
1,shima
1,shiori
1,shira
1,shireen
2,shirley
1,shivangi
1,shivani
1,shivneet
2,shiza
2,shona
1,shontia
1,shoshanah
1,shukri
1,shulamit
1,shy-ann
1,shy-ann
1,shy-lynn
1,shyana
1,shyann
1,shyanna
6,shyanne
1,shyesha
7,shyla
1,shyla-tyne
2,shylah
1,shylyn
1,shyraly
1,shzkonna
1,sia
1,siana
1,siarra
1,siara
1,siarah
1,siarrah
1,sibn
7,sidney
1,sidrah
1,siena
4,sienna
1,siera
48,sierra
1,sierra-rae
1,sierrah
1,sietara
1,signa
1,signe
1,silver
1,sima
1,simer
1,simmy
1,simona
9,simone
12,simran
1,simrandeep
1,simranjeet
2,simrat
1,simren
1,sin
1,sindy
1,sinead
1,siniye
1,siobahn
2,siobhan
1,skaia
1,sky
8,skye
1,skye-lee
9,skyla
16,skylar
1,skylayna
1,skylend
2,skyler
1,skylir
1,skyller
1,skylur
1,skylyn
1,sloan
2,sneha
4,sofia
4,sofie
1,sofija
1,sola
1,solana
2,soleil
1,soley
1,sommer
1,sona
1,sonali
1,sonam
4,sonia
1,sonique
3,sonja
1,sonje
1,sonora
4,sonya
1,sonyalynn
1,sophanuth
43,sophia
43,sophie
1,sophiya
1,sorscha
1,souriya
1,soyoon
3,spencer
1,spenser
4,stacey
3,staci
1,stacie
3,star
2,starla
1,starla-jean
1,stasia
1,stawsha
1,stefani
1,stefania
5,stefanie
1,stefanie-lin
1,stela
1,stepanie
1,stephaine
1,stephaney
1,stephani
55,stephanie
1,stephany
1,stephiane
1,stephie
2,sterling
2,storm
1,sue
1,suk
1,sukhleen
1,suki
1,sukie
1,sullivan
1,suman
1,sumana
1,sumandeep
1,sumaya
1,sumeyye
14,summer
1,sunaina
1,suniya
1,sunni
1,surah
6,susan
2,susana
1,susanah
7,susanna
1,susannah
1,susie
1,suuban
1,suzana
1,suzannah
5,suzanne
1,sydne
4,sydnee
1,sydney-anne
7,sydni
3,sydnie
1,syenna
4,sylvia
2,sylvie
1,symantha
1,symone
1,symphony
1,t'anna
1,t'yanna
6,tatianna
1,taaliyah
1,tabark
2,tabitha
1,taegan
2,taelor
1,taelyn
1,taewyn
2,taeya
1,tahanie
1,tahlia
1,tahmar
1,tahnee
1,tai
4,taija
1,taitum
1,taiya
1,taiylor
1,tajana
1,tajrin
1,takara
1,takhajwak
1,takisha
1,takoa
1,talayna
1,taleyah
1,tali
14,talia
1,taliah
3,talissa
1,taliya
1,tallea
1,talyn
1,talyn-alena
1,talynn
1,tam
1,taman
13,tamara
1,tamber
1,tamber-jo
1,tameeka
1,tameera
2,tameka
1,tamequa
4,tammy
1,tamryn
1,tannin
1,tanaya
1,taneesha
2,taneisha
3,tanesha
1,tania
1,taniel
1,tanielle
1,tanieya
2,tanika
2,tanille
2,tanis
8,tanisha
1,tanishia
1,tanita
1,tanjot
1,tanna
1,tannah
1,tanner
1,tannisha
1,tanora
1,tanpreet
1,tansie
1,tanveer
6,tanya
1,tanysha
1,tapanga
16,tara
1,tara-ray
2,tarah
2,taran
1,tarijat
1,tarryn
18,taryn
1,taryna
1,tarynn
9,tasha
1,tashmeen
3,tasia
1,tassa
1,tassia
1,tataina
5,tatiana
1,tatijana
1,tatiyana
1,tatjana
1,tatjiana
1,tattyanna
9,tatum
3,tatyana
1,tatyanah
1,taurie
2,tavia
1,tavin
9,taya
1,tayden
2,tayla
2,taylar
1,tayleigh
11,tayler
189,taylor
1,taylor-lynn
1,taysia
1,taytum
11,teagan
1,teaghan
1,teah
1,teaira
1,teajveen
2,teal
3,teanna
1,tearya
1,teasha
1,teba
1,teddy
3,teegan
1,teena
1,teesha
8,tegan
1,tehara
1,teheira
2,tehya
1,teia
1,teiah
4,teigan
1,teigen
1,teighan
1,teighlor
1,teira
1,teisha
1,tejvir
1,telayne
1,tempest
2,tenaya
1,teneea
1,tenika
1,tenille
1,tennessa
1,tennille
1,tenzin
1,teo
1,teodora
1,teona
6,teresa
1,terese
1,terra
3,terri
1,terri-lynn
1,terria
1,terrilynn
1,terrin
1,tesla
5,tess
28,tessa
1,tetris
1,teyl
1,teya
1,teyana
1,thalene
6,thalia
1,thanh
6,thea
1,theda
5,theresa
2,therese
3,thi
2,thien
1,thomson
1,thricia
1,thu
1,thuc
1,ti'ana-marie
29,tia
1,tiah
1,tiamo
20,tiana
28,tianna
1,tianna-rae
1,tiannah
3,tiara
1,tiari
2,tiarra
1,tiauna
1,tiea
1,tieanna
2,tiegan
1,tien
1,tienna
1,tiernan
4,tierra
1,tiessa
2,tiffani
20,tiffany
1,tikvah
1,tillea
1,tilly
9,tina
1,tinaya
2,ting
1,tirza
1,tirzah
1,tivanna
1,tiyonne
1,tkyia
1,tobin
1,toline
6,toni
1,torey
15,tori
1,toria
2,tory
4,tristin
1,tracey
5,tracy
2,trae
1,traelyn
2,tran
1,treasa
1,treasure
2,tressa
1,treysha
1,triana
2,tricia
1,trinadee
1,trinidy
1,triniti
52,trinity
4,trisha
1,trishna
4,trista
1,trista-lee
2,tristan
1,tristana
1,tristein
1,tristen
2,truc
1,trudie
4,trudy
1,true
1,tryna
1,tryse
1,trystan
1,trysten
1,tuffy
1,tulika
1,tully
1,tuscany
1,tuyet
1,ty
1,ty-la-moon
5,tyler
1,tya
1,tyaesha
1,tyan
1,tyana
1,tyara
1,tyeisha
1,tyese
1,tyla
3,tylar
1,tylene
1,tylissa
1,tylo
1,tymika
1,tynee
1,tynesha-dawn
14,tyra
1,tyra-lea
2,tyrah
1,tyreece
1,tyressa
1,tyrin
1,tyshae
1,tytiana
1,tze
1,ursella
1,ursula
1,utay
1,vada
1,valaria-lauren
1,valencia
3,valerie
1,valkyrie
1,vallary
1,valleena
1,valli
1,valorie
1,valycia
1,vanesa
35,vanessa
1,vanica
1,vanisa
1,vannessa
1,vaughn
1,veena
1,velvet
1,venessa
1,venetia
1,venjot
1,vera
1,vera-leigh
1,vernonica
16,veronica
2,veronika
2,vi
1,viana
2,vianca
1,vianney
3,vicky
1,vicotia
104,victoria
1,victoriya
1,victory
1,vienna
1,viktoria
1,vilde
1,vina
1,vinshie
3,violet
1,violette
2,virginia
3,virginie
1,vironique
1,vishaka
1,vishvdeep
1,vittoria
13,vivian
1,vivien
1,vy
1,wade
1,wafa
1,wallis
1,warrenesa
1,weaam
3,wendy
2,whisper
1,white
8,whitney
1,whylie
1,whyome
1,willa
6,willow
1,wing
1,winnie
1,winta
2,winter
1,winter-star
1,witleigh
1,wren
1,wyatt
1,wynonna
4,wynter
1,xandra
1,xanna
1,xavery
1,xenia
1,yael
1,yageen
1,yasamin
1,yasemin
1,yashmeen
3,yasmeen
2,yasmin
3,yasmine
1,yau
1,yazmin
1,yeanna
1,yesilyn
1,yi-shiuan
1,yiona
1,yohanna
1,yoo-kyoung
1,youma
3,yousra
1,yovana
1,ysannah
1,yuki
1,yumn
1,yuri
1,yuria
1,yusra
1,yvanna
1,yvette
1,yvie
4,yvonne
1,z-inab
1,zahara
1,zaheya
3,zahra
1,zahraa
1,zaiheb
1,zailey
1,zaina
2,zainab
1,zakeisha
1,zakiya
1,zanae
1,zanib
1,zanna
2,zara
1,zayda
1,zayna
1,zaynab
1,zdene
1,zeenat
1,zeleste
1,zetta
1,zhi
1,zhonna
1,zia
2,ziana
1,ziera
3,ziyana
43,zoe
7,zoey
1,zofia
2,zoi
1,zoie
6,zok
2,zowie
2,zoya
1,zuzana
1,zve
1,zyanna
1,zynab
