Freq, Name
1, "ronanrainjamestrembla
1, a.
1, aadesh
1, aadi
1, aaditya
1, aaiden
2, aakash
1, aapina'kos
1, aarav
68, aaron
2, aaryan
1, abbas
1, abdel
1, abdon
7, abdul
2, abdulaziz
1, abdulhamid
1, abdulla
10, abdullah
1, abdullahi
1, abdulmajid
2, abdulrahman
1, abdulrehman
1, abdurahman
1, abel
1, abhay
1, abjeet
5, abraham
1, abraheem
4, abram
1, abubakr
1, aburi
1, acacia
1, ace
123, adam
1, adamo
5, addison
1, adeep
1, adel
1, adelmo
1, adem
16, aden
1, adetokunbo
1, adham
1, adhukwut
1, adigun
3, adil
1, adin
3, adison
1, aditya
1, adityabir
4, adnan
1, adomas
1, adonis
1, adriaan
25, adrian
2, adriel
3, adrien
1, adryan
2, adyn
1, aedon
1, aedyn
1, aeko
1, affan
1, affi
1, agam
1, agustin
1, ahaad
3, ahad
1, ahan
1, aharon
6, ahmad
15, ahmed
1, ahmedyacin
1, ahmet
1, ahraz
131, aidan
110, aiden
6, aidyn
1, aira
1, aisa
2, aiyden
1, aj
1, ajack
1, ajak
1, ajang
1, ajay
1, ajaydeep
1, ajayvir
1, ajiang
1, ajit
1, akaalroop
2, akash
1, akashdeep
1, akbar
1, akeel
1, aken
1, akin
1, akira
1, akobo
1, akoch
2, akok
1, akol
1, aksh
3, akshat
4, alan
7, albert
1, alberto
1, albie
1, albion
1, alden
1, aldin
1, aldon
11, alec
1, alecsander
6, alejandro
1, aleks
1, aleksandar
2, aleksander
1, alend
2, alessandro
1, alessio
37, alex
190, alexander
11, alexandre
1, alexandro
1, alexandru
1, alexavier
3, alexey
5, alexi
1, alexis
1, alexiss
1, alexxander
4, alexzander
1, alfie
2, alfredo
33, ali
1, alias
1, alic
1, alister
10, allan
2, allen
1, allister
1, alonzo
1, alphonse
1, alvaro
5, alvin
1, alwyne
1, aly
1, alyhasanjonathan
1, alysik
1, alyzain
1, alyzen
1, amaan
1, amaar
1, amad
1, amadeo
3, aman
3, amar
1, amari
1, ambrose
2, ameen
3, ameer
1, amery
1, amin
4, amir
1, amirali
2, amirreza
1, amit
1, amitoj
1, amman
2, ammar
3, ammon
1, amos
1, amoz
1, amr
1, amrit
2, an
2, anas
1, andan
1, anden
4, anders
1, andersen
4, anderson
4, andon
3, andre
1, andreas
1, andrei
1, andrej
2, andres
122, andrew
1, andrik
1, andril
12, andy
1, aneesh
1, anferny
1, angad
1, angel
1, angelco
4, angelo
4, angus
1, aniket
1, anissa
1, anmol
1, ansh
6, anson
1, antal
1, anthonie
68, anthony
1, antoine
5, anton
6, antonio
1, antonios
2, antony
1, antwahn
2, anuj
1, anurag
1, anwar
1, anzhel
1, aoi
1, arasdeep
1, archer
1, arda
3, arden
1, arend
1, argie
1, arham
1, arhum
1, ari
1, arian
3, aric
3, ariel
1, aries
1, arifin
1, arik
1, aritik
5, arjun
1, ark
1, arlind
1, arlis
10, armaan
6, arman
1, armando
1, armann
1, armughan
3, arnav
1, arnes
1, arnie
2, arnold
1, arol
4, aron
3, arpit
1, arran
1, arrow
1, arsh
1, arshandeep
2, arshdeep
1, arshjot
1, arshveer
1, artemus
7, arthur
1, arti
1, arton
1, arturious
1, arunansh
2, arvin
2, arya
9, aryan
1, aryc
1, aryian
1, asfandiyar
1, ash
2, ashar
1, ashaun
1, asheel
18, asher
1, ashleigh
1, ashten
2, ashtin
91, ashton
1, ashtun
4, ashtyn
1, ashwindas
1, asliraf
1, astin
1, atak
2, athan
1, atharva
1, atilla
1, atinder
2, atley
4, atticus
1, attreo
3, aubrey
1, augustin
1, augustine
1, auron
1, aurum
1, auslen
1, aussim
3, austen
130, austin
2, auston
5, austyn
1, austynjames
1, avden
1, aveary
21, avery
1, avi
1, avishek
1, avniel
1, avrohom
2, avry
1, awad
1, awais
1, awid
2, axel
1, axle
4, axton
1, ayaan
1, ayan
1, ayandre
3, aydan
1, aydden
28, ayden
1, aydian
5, aydin
1, ayhem
1, ayize
2, ayman
1, ayomikun
1, ayoubhamzi
3, ayrton
1, ayub
2, ayush
1, azal
1, azam
1, azelsebhatu
1, azi
1, azizullah
1, azzam
1, b.
1, baaz
1, babbandeep
2, baden
1, baiden
5, bailey
1, bajkaran
1, balazs
1, baldeep
1, baldip
1, baljot
1, balraj
2, baltej
1, banjo
1, barak
1, bardia
1, baris
4, barrett
1, barrick
1, barrie
2, barry
1, barton
1, bassam
1, bassim
2, bastian
1, bastien
1, baudouin
1, baver
1, bayley
1, beal
5, beau
4, beck
2, beckett
1, beckham
1, behzad
4, belal
17, ben
3, benedict
1, benevolent
1, benhard
1, beniah
171, benjamin
1, benjermin
1, benjiman
1, benn
2, bennet
17, bennett
5, benny
1, benoit
4, benson
1, berg
2, bergen
1, berger
1, berlen
3, bernard
1, bernie
1, bert
1, beynon
1, bhavan
1, bhavgun
1, bhavraj
1, bhol
1, bibek
1, bilaal
5, bilal
1, bill
1, billal
2, billy
1, binik
1, birinder
1, birk
2, bishop
1, bjorn
5, blade
1, bladen
1, blain
3, blaine
8, blair
2, blaize
47, blake
1, blaz
8, blaze
1, blu
1, bo
2, bobby
1, bodee
1, boden
1, bodhi
3, bohdan
1, bol
1, bon
1, boris
1, boston
1, both
1, bowden
1, bowdyn
2, bowen
1, boyce
1, boyd
1, bracyn
2, brad
31, braden
1, bradford
3, bradin
1, bradlee
28, bradley
3, bradly
3, bradon
54, brady
1, bradyn
4, braedan
29, braeden
9, braedon
1, braedy
1, braedyn
1, brahmer
9, braiden
1, braidon
1, braidonalexander
1, braigh
1, bram
1, branch
1, brandall
4, brandan
5, branden
2, brandin
95, brandon
1, brandonkhai
1, brandonlee
5, brandt
1, brandy
3, brandyn
1, branislav
1, bransin
1, branson
2, brant
1, brantin
1, brasen
1, brauunson
1, braxstin
1, braxtin
27, braxton
1, braxtyn
1, braxxton
1, braycen
4, braydan
1, brayde
1, braydee
83, brayden
1, braydin
13, braydon
1, braymon
2, brayson
1, brayton
1, breadon
1, breando
1, brecon
1, bredin
1, breklin
1, brekon
1, bremner
1, bren
1, brenal
36, brendan
12, brenden
7, brendon
1, brenen
17, brennan
9, brennen
1, brennon
7, brent
1, brenton
3, bret
2, breton
44, brett
25, brian
1, briar
2, brice
1, briden
1, brien
1, brier
1, brieshen
1, briggs
1, brighton
1, brin
1, bringent
1, brinley
1, britain
18, brock
1, brockston
3, broden
1, broder
1, broderick
1, brodey
16, brodie
1, brodin
58, brody
3, brogan
1, bron
3, bronson
1, brooklen
2, brooklyn
1, brooks
5, bruce
1, bruin
2, bruno
1, brustun
10, bryan
3, bryant
1, bryar
38, bryce
2, brycen
1, brycn
3, bryden
3, bryer
2, bryn
1, bryndan
1, brynden
3, brynn
1, bryon
1, brysan
1, brysen
15, bryson
1, bryston
1, bryzen
1, buay
1, buddy
1, burhan
2, burke
1, burton
1, but
1, byrne
5, byron
1, cabe
1, cache
1, cadam
1, cadan
1, cadance
11, cade
33, caden
2, cadence
1, cadin
5, caeden
2, caedon
1, caedyn
1, cael
3, caelan
2, caelem
1, caelen
1, caelin
1, caesar
3, cage
1, caidan
11, caiden
2, caige
1, cailbeb
1, caileb
1, caimin
5, cain
1, cairen
1, calan
3, calder
10, cale
113, caleb
1, calebroy
3, calen
2, caley
1, calgary
1, calib
2, calin
1, callaghan
1, callen
19, callum
2, calum
1, calvert
15, calvin
1, cam
5, camden
102, cameron
4, camilo
5, campbell
1, camrom
2, camron
1, canden
1, cannen
1, cardel
5, carl
3, carlin
2, carlito
3, carlos
1, carlton
1, carmelo
1, carmeloantonio
4, carsen
58, carson
1, carston
4, carsyn
134, carter
1, carver
1, casche
1, case
11, casey
5, cash
2, cashton
1, cason
1, cassen
1, cassidy
1, cassious
4, cassius
1, cauy
13, cayden
1, caydyn
1, cayl
1, caylan
1, cayleb
1, caylen
1, caylub
1, caymen
1, cayton
1, cazmin
5, cedric
1, ceejay
1, ceigan
1, ceirin
1, cem
1, cepha
1, cerek
3, cesar
1, chaas
4, chace
10, chad
1, chade
1, chadrach
1, chae
1, chaise
1, chamlhang
1, chan
17, chance
1, chancellor
1, chandan
3, chandler
1, chantz
1, chapel
1, charalambos
27, charles
1, charley
9, charlie
1, charlieshane
1, charly
72, chase
1, chastin
1, chaston
1, chay
1, chayce
2, chayse
1, chayson
1, chayston
2, chayton
4, chaz
1, chazz
1, che
1, chem
1, chester
1, chevey
1, chevy
1, chi
1, chibundu
1, chidozie
1, chinaku
1, chistopher
1, chobiar
4, chris
1, christain
54, christian
1, christiano
1, christien
1, christofer
1, christoffer
1, christoforos
84, christopher
1, chrisuan
1, chukwudumagaije
1, chuoluak
1, chyron
3, cian
2, ciaran
1, cierian
1, cinch
1, cirdan
3, clarence
1, clarencematthew
6, clark
1, clarke
1, claudio
12, clay
1, clayden
15, clayton
2, clifford
1, coben
1, cobin
1, cobitt
2, coby
1, cobyjay
1, coden
72, cody
1, coehn
6, coen
1, cohan
15, cohen
1, colbey
2, colbie
1, colbran
66, colby
1, colbyjames
137, cole
2, coleman
1, coletin
1, coleton
34, colin
1, collby
8, collin
1, colm
1, colson
3, colt
2, coltan
7, colten
1, colter
48, colton
2, coltyn
1, conaire
1, conall
1, conan
1, conar
2, conlan
2, connar
2, connell
20, conner
1, connolly
170, connor
3, conor
5, conrad
1, constantinos
1, conway
1, conyr
37, cooper
2, corban
2, corben
1, corbet
24, corbin
4, corbyn
9, cordell
1, cordyn
1, corey
1, corgan
1, corland
2, cormac
3, cornelius
1, corny
1, corson
1, cort
1, cortland
1, cortt
1, corwin
5, cory
1, cosimo
1, costa
1, costas
1, cove
1, cowan
2, cowen
1, coy
6, craig
2, crawford
1, credence
2, creedance
1, creeden
1, creedence
1, creedin
1, creedon
2, creighton
3, creston
1, crew
3, cristian
1, cristofer
2, cruise
1, cruize
1, crush
6, cruz
1, cullen
18, curtis
1, cutter
2, cy
1, cylas
1, cyle
1, cyler
1, cylis
1, cyrill
1, cyris
7, cyrus
1, dacian
2, dade
1, daden
1, daegan
1, daegen
1, daemien
2, daemon
1, daeshon
1, daeton
1, daeven
1, daevin
1, daeyoung
3, dagan
1, dagmawi
1, dagon
1, dahl
1, dahves
1, daigan
1, dailen
2, daimen
2, dain
1, daine
1, daiton
1, dajel
24, dakota
1, dalan
5, dale
1, dalen
1, daljit
1, dallan
1, dallano
12, dallas
1, dalles
4, dallin
1, dallis
1, dalon
1, dalond
11, dalton
1, dalziel
1, damani
1, damanpreet
2, damein
1, damen
18, damian
1, damiano
14, damien
8, damion
1, damnit
28, damon
1, damyon
4, dan
1, danan
17, dane
2, daneel
2, danial
152, daniel
1, danielian
1, danielluciano
1, daniyaal
1, dannen
6, danny
16, dante
1, danton
1, dany
1, danyel
1, danylo
1, danyoel
1, dao
1, darby
5, darcy
1, daren
17, darian
5, darien
3, darin
1, dario
3, darious
18, darius
2, darnell
1, darrell
7, darren
1, darrian
1, darrien
1, darrin
2, darrion
1, darris
1, darryn
1, darsan
1, darvin
1, darwin
1, daryan
1, daryl
1, daryon
1, dasnoor
1, dauraez
1, davan
1, dave
1, daveed
1, davian
92, david
1, davidreilly
8, davin
13, davis
1, davneet
1, davon
1, davor
1, davy
3, davyn
1, dawood
1, dawsen
53, dawson
5, dax
4, daxon
2, daxter
3, daxton
1, daya
1, dayanand
2, dayden
4, daylan
1, daylin
2, daylon
1, daylun
1, dayman
2, daymein
1, daymian
3, dayne
1, daysen
1, dayson
1, daytn
14, dayton
1, daytonjames
1, dayven
1, dayyan
1, dayzel
1, dazmond
4, deacon
2, deagan
1, deakon
13, dean
1, deangelo
1, deanryck
36, declan
1, decland
1, declin
1, declyn
1, dedrick
4, deegan
1, degan
1, degon
1, deion
1, deizal
1, dekin
1, dekker
2, deklan
1, deklin
1, deklun
1, deklyn
3, delaney
1, delano
1, dell
1, delorean
1, delray
1, demetrios
2, demitri
1, demmen
1, demyan
3, deng
1, deniel
2, denim
1, denis
6, dennis
1, denny
1, denom
1, denon
1, denton
7, denver
1, denyn
3, denzel
1, denzell
1, deon
1, deonashley
1, deontia
1, dereck
20, derek
1, derelle
1, deri
4, derian
1, derion
5, derrick
1, derrin
2, desmond
1, desmund
2, destin
2, destry
1, desty
3, devan
3, deven
22, devin
3, devlin
36, devon
1, devonmichael
1, devontae
1, devonte
1, devryn
1, devyn
2, dex
3, dexter
1, dextin
1, dexxen
1, dezi
1, dezil
1, dezlin
1, dezmon
2, dezmond
1, dhanraj
1, dhariq
1, dharmakyah
1, dhruv
1, diablo
2, diago
1, diamond
1, didon
13, diego
1, dien
1, diesal
1, diljaan
2, dillan
15, dillon
1, dillonkaleb
4, dilraj
1, dilshan
1, dimitri
1, dimitry
2, dinh
1, dino
1, dioluke
1, diomiro
3, dion
1, dionisios
1, dirk
2, dixon
1, diyako
1, dlawer
1, dodge
1, domac
3, domanick
2, domenic
1, domenick
1, domenico
48, dominic
6, dominick
1, dominicsyris
8, dominik
5, dominique
1, dominque
1, domynic
4, don
4, donald
1, donavan
1, donavin
1, dong
1, donivin
1, donnelly
3, donny
11, donovan
1, donson
1, dontae
1, donte
1, dontrelle
1, dop
1, doran
5, dorian
1, dorion
1, dorjee
10, douglas
1, draco
1, draden
1, dradon
1, drae
1, dragahn
2, draiden
1, draiton
8, drake
1, drakkar
1, dranden
7, draven
1, dray
7, drayden
1, draygan
1, drayk
1, drayke
2, drayton
1, dre
1, dredan
1, dredon
1, dretyn
1, drevin
13, drew
1, drexel
1, dreydan
4, dreyden
2, dreydon
1, dreyton
1, drezell
1, drishya
1, drizzitt
2, dryden
1, duane
1, duc
1, dugald
2, duke
1, dumitru
18, duncan
1, durante
1, durnik
1, dustan
15, dustin
2, dusty
1, dustyn
4, dwayne
162, dylan
3, dyllan
2, dyllon
2, dyson
2, eagan
1, eagle
1, eamon
1, eason
1, eastan
14, easton
1, eban
1, echo
1, ed
3, edan
1, eddason
2, eddie
1, eden
1, edin
3, edison
1, edmund
1, edom
1, edrees
1, eduard
1, eduardo
13, edward
5, edwin
1, efren
1, egzon
1, ehren
1, ehsan
1, eian
1, eijah
1, ekam
1, ekin
2, eknoor
1, eladio
1, elahlee
1, elan
1, eldon
16, eli
20, elias
1, elie'n
1, elija
61, elijah
1, eliot
1, elistan
1, elizah
1, ellijah
6, elliot
3, elliott
6, ellis
2, elmer
2, elton
3, elvis
1, ely
1, elyzar
1, emad
3, emanuel
1, emerie
8, emerson
1, emery
1, emiliano
1, emilio
1, emiliocasey
1, emin
1, emitt
5, emmanuel
3, emmet
12, emmett
1, emmette
2, emmit
3, emmitt
1, emor
1, emraan
1, emre
1, ennis
1, enoch
1, enochanthony
1, enrico
1, enthemion
4, enzo
1, eoin
1, eon
1, ephraim
1, ephram
1, eren
107, eric
2, erick
1, erickhang
1, eridanio
12, erik
1, erin
1, ernie
1, eron
2, errol
1, erroll
1, ersan
1, ervin
1, erwan
1, eshaad
1, eshaan
1, eshan
1, espen
1, essa
1, essay
1, estevan
1, etan
396, ethan
1, ethanial
2, ethaniel
2, ethen
1, ethin
1, ethon
1, ethyn
3, eugene
163, evan
2, evander
1, everen
13, everett
2, everette
1, evin
7, ewan
1, exavian
1, exavior
1, eyad
1, eyob
1, eyvind
1, ezana
4, ezekiel
6, ezra
1, ezrah
1, ezren
1, ezzal
1, fabien
1, fahd
3, faisal
1, faizaan
1, fakhar
1, faraz
1, fardad
2, fareed
2, farhad
1, farhan
2, faris
2, faron
1, farzaam
1, farzad
1, favian
1, fawn
6, felix
1, fenix
1, fergal
1, ferman
3, fernando
1, fezaan
3, filip
2, finlay
2, finley
11, finn
1, finnbarr
1, finnian
2, finnley
1, fionn
1, firas
1, fischer
1, fitz
3, fletcher
1, floyd
1, flying
4, flynn
1, forest
2, foster
1, fotis
1, fox
2, francesco
7, francis
2, franco
1, francoantonio
4, frank
1, frankie
1, franklin
5, franz
4, fraser
8, frederick
2, fredrick
1, freeman
1, fritz
1, frost
1, furjaad
1, furkan
1, furlie
1, fynnigan
1, gaanicko
2, gabe
1, gaberiel
1, gabrial
81, gabriel
1, gabryal
1, gaege
1, gaetano
1, gaffney
1, gagan
1, gagandeep
30, gage
1, gahdaco
3, gaige
1, galen
1, ganz
1, garang
2, gareth
3, garett
1, garin
1, garison
1, garner
3, garren
4, garret
1, garreth
21, garrett
1, garrick
2, garrison
1, garrit
5, gary
2, garyn
1, gatlin
1, gauge
1, gauje
6, gaurav
1, gavan
2, gaven
61, gavin
1, gavyn
1, genesis
1, genti
5, geoffrey
1, geono
1, geordon
1, georenzo
15, george
1, georgios
1, geraldryan
1, geran
1, gered
1, gerett
3, gerhard
2, gerrit
1, gerti
1, gharrett
1, gian
1, giancarlo
1, gianmathew
1, gianni
4, gibson
7, gideon
1, giir
1, gino
4, giovanni
1, giuseppe
1, giustino
1, glendon
1, gohar
1, goliath
7, gordon
1, gracen
1, graden
15, grady
6, graeme
2, graeson
6, graham
6, grant
1, grason
1, gray
5, grayden
5, graydon
1, graysen
29, grayson
1, grayvin
1, gregor
10, gregory
1, greydon
1, greysen
1, greyson
1, griffen
20, griffin
1, gryphin
1, guandong
1, guerrin
1, gulzeb
1, guneet
5, gunnar
1, guramrit
2, gurbaj
2, gurbir
1, gurjas
1, gurjot
1, gurjus
1, gurkaman
1, gurkeerat
1, gurleen
1, gurmann
1, gurmohit
3, gurnoor
1, gursahil
1, gursehaj
1, gursewak
1, gurshan
1, gursharn
1, gursimar
1, gurtej
1, gurvaaz
2, gurvir
3, gus
1, gustavo
1, guy
1, gyven
1, hadden
1, hader
1, hadi
1, hady
1, haedyn
1, hafeez
1, haidan
2, haiden
1, haider
1, hailan
1, halden
2, halen
1, haley
2, hamid
2, hamish
1, hamlet
1, hammad
3, hamza
1, hanad
1, hananiah
1, haneef
1, hank
1, hannan
1, hansel
1, haramol
1, hardie
1, hardy
1, harim
2, haris
1, harison
1, harit
1, harjas
1, harjoban
1, harjot
1, harkaran
1, harkirit
1, harlan
1, harland
2, harlen
11, harley
3, harman
1, harmann
1, harmohit
1, harneal
1, harnoor
1, haroon
1, harper
6, harris
14, harrison
4, harry
1, harsah
2, harsh
1, harshaib
3, harshdeep
1, harshpreet
1, harth
1, harveer
3, harvey
1, harvir
1, harwinder
1, hasan
1, haseeb
1, hashem
2, hashim
1, hashir
7, hassan
1, hassef
1, hatem
1, havard
1, hawk
1, hawke
1, hawken
1, hawksley
1, haydan
1, haydar
72, hayden
2, haydn
1, hayes
1, haylo
1, hayze
1, hazen
1, hazon
5, heath
1, hector
1, heiwa
1, hemmesh
1, hendrick
1, hendrik
1, hendrikus
1, hendrix
1, henok
1, henri
1, henrik
14, henry
1, herbert
2, herman
1, hermes
1, herry
1, hevanjeet
1, hewitt
1, hezekiah
1, hinton
1, hiten
2, hogan
6, holden
1, holdin
2, holt
1, honar
1, horatio
1, hosen
1, hoskins
1, houlden
1, houston
1, howard
1, hoyt
1, hubertus
34, hudson
3, hugh
5, hugo
1, hugolino
1, humraj
90, hunter
1, hunterjohnathon
1, hussein
1, hussien
1, hussin
1, hutson
1, huxley
1, huy
1, huzafa
1, huzaifa
1, hyder
1, hyrum
1, hyunyoung
4, iain
42, ian
5, ibrahim
1, idongesitessien
1, idris
1, igor
1, ijaz
1, ilan
1, ilhamuddin
1, ilian
1, ilyas
1, ilyja
1, imaan
1, immar
1, imrenjit
1, imtiaz
2, inam
1, indigo
1, inha
1, inigo
1, iqjot
1, ira
1, irvin
70, isaac
2, isaak
1, isac
1, isacc
1, isaha
41, isaiah
1, isak
3, ishaan
4, ishan
2, ishraj
5, isiah
1, isioma
1, isis
1, islam
1, ismaael
1, israel
2, israr
1, isreal
2, issa
7, issac
1, issal
1, issam
16, ivan
1, izack
1, izahia
3, izaiah
1, izaiha
3, izak
2, izayah
1, izehar
1, jaager
1, jabe
1, jabez
1, jabin
1, jac
25, jace
1, jacen
1, jacey
1, jachin
100, jack
1, jackie
1, jacksen
76, jackson
5, jacky
242, jacob
1, jacobb
1, jacobus
1, jacques
1, jacub
2, jad
1, jadan
5, jade
65, jaden
1, jadin
6, jadon
1, jady
1, jae
6, jaeden
2, jaedon
2, jaedyn
3, jaeger
1, jaesa
1, jaffer
1, jaffortson
1, jag
1, jagar
1, jager
2, jagger
1, jagjeevan
3, jagjot
1, jagraj
1, jahahzaib
1, jahlil
1, jahmourri
3, jai
1, jaice
1, jaid
1, jaidan
10, jaiden
1, jaidon
1, jaidyn
1, jaime
1, jaimyn
1, jairon
2, jairus
49, jake
1, jakin
27, jakob
1, jakobrobertgerald
1, jakson
4, jakub
1, jalal
1, jalat
1, jaleel
8, jalen
1, jaleo
1, jamaal
1, jamahl
7, jamal
1, jambu
138, james
1, jameson
11, jamie
1, jamieson
1, jamil
1, jamin
2, jan
1, janav
1, janmay
1, japjot
1, jaramie
45, jared
2, jaren
2, jaret
1, jareth
1, jari
1, jaris
1, jarius
1, jarnail
2, jarod
3, jarom
1, jarome
8, jaron
1, jarred
2, jarren
3, jarret
3, jarrett
1, jarrod
1, jarryn
1, jarvis
1, jaryd
1, jasce
2, jasdeep
9, jase
1, jashan
1, jashanbir
1, jashandeep
1, jashawa
2, jaskaran
1, jaskeerat
2, jaskirat
1, jaskiret
1, jaslogan
1, jasmit
62, jason
6, jasper
1, jasperaddison
1, jaspreet
1, jasraj
1, jasroop
1, jastein
1, jastej
1, java
3, javier
1, javin
1, javon
1, javonte
2, jawad
6, jax
2, jaxen
1, jaxin
34, jaxon
12, jaxson
1, jaxsonreyd
1, jaxx
2, jaxxon
6, jay
1, jayant
9, jayce
1, jaycey
1, jayd'n
1, jaydan
102, jayden
1, jaydien
2, jaydin
9, jaydon
1, jaydyn
1, jayger
1, jaykob
1, jaylei
1, jaylen
1, jaylenn
1, jaylon
1, jayman
2, jaymes
1, jaynard
1, jayrode
1, jayse
1, jaysen
4, jayson
1, jaytee
1, jayven
1, jayvyn
1, jazz
1, jd
1, jean
1, jeanchristophe
1, jeandavid
1, jeanlaunce
4, jeanluc
1, jebrill
6, jed
1, jedd
1, jedidiah
1, jeesoo
3, jeevan
2, jeff
1, jefferson
1, jeffery
19, jeffrey
1, jeg
1, jehan
1, jelvin
2, jens
3, jenson
1, jephthe
1, jeramiah
1, jered
1, jerek
1, jerelus
1, jeremey
11, jeremiah
1, jeremie
41, jeremy
1, jeric
5, jericho
1, jeris
1, jermain
2, jermaine
1, jermiah
8, jerome
2, jerry
1, jerson
1, jesiah
1, jesie
1, jesmere
1, jess
77, jesse
1, jessejames
1, jessekaevon
1, jessiah
6, jessie
1, jessin
3, jet
1, jether
1, jethro
7, jett
1, jettrams
1, jevin
1, jevioni
1, jevonte
1, jeziah
1, jhomhel
1, jian
1, jibran
1, jibril
1, jieou
3, jihad
1, jiles
4, jim
1, jimi
7, jimmy
1, jiro
1, jisaiah
1, jnivwa
3, joah
8, joaquin
1, jobey
1, jobie
1, jobindeep
1, jodacee
1, jodan
1, jode
1, jodhbir
1, jodi
2, jody
3, joe
42, joel
1, joen
1, joerelle
2, joesph
1, joesyph
12, joey
1, johan
3, johann
1, johanne
1, johannes
1, johia
73, john
20, johnathan
5, johnathon
1, johncris
1, johnethan
1, johnmichael
7, johnny
1, johnpaul
1, johnpiere
2, johnson
1, johnthan
1, johny
2, jole
1, jolin
1, jolon
1, jolson
1, jolt
1, jomha
1, jon
52, jonah
1, jonahh
2, jonan
14, jonas
71, jonathan
1, jonathanpaul
1, jonathen
5, jonathon
1, jonny
127, jordan
6, jorden
1, jordi
1, jordin
15, jordon
1, jordy
1, jordyn
1, jorge
1, jorian
1, jory
1, jos
3, jose
4, josef
81, joseph
1, josephjames
15, josh
1, joshawa
259, joshua
1, joshuaskylerangel
1, joshur
1, joshveer
16, josiah
1, josiahs
1, josias
1, josral
1, josten
1, journey
1, joven
1, jovin
1, jovun
1, joyosu
1, jt
3, juan
1, jubei
1, jubin
3, judah
11, jude
1, judson
1, jugraj
1, jugtoj
1, juhwen
2, jules
24, julian
7, julien
2, julius
2, jullian
1, jun
1, juni
1, justen
9, justice
1, justicecaine
105, justin
6, justus
2, justyn
1, justys
1, juvraj
1, kaaneb
1, kabir
1, kace
1, kacee
2, kacper
24, kade
79, kaden
12, kadin
3, kadyn
1, kaedan
6, kaeden
2, kaedin
1, kaedon
9, kael
3, kaelan
1, kaelanremedio
1, kaele
1, kaeleb
3, kaelen
1, kaeler
1, kaemon
1, kaethen
1, kaeven
3, kage
1, kahless
36, kai
2, kaidan
34, kaiden
2, kaidyn
2, kaige
1, kaii
3, kail
1, kailan
2, kailen
1, kailis
1, kailum
1, kaimen
5, kain
1, kaine
2, kainen
1, kaisuan
1, kaito
1, kaiton
2, kaius
1, kaiyum
1, kajyn
8, kalan
21, kale
1, kaleab
1, kalean
58, kaleb
3, kalem
6, kalen
1, kalid
1, kalix
1, kallan
1, kalle
1, kallin
2, kallum
1, kalmin
2, kalum
1, kalvin
1, kalyb
1, kamal
1, kamdyn
1, kamen
1, kameren
1, kameron
1, kameryn
1, kamiel
1, kamil
2, kamren
1, kamryn
1, kamyn
1, kanda
4, kane
1, kannan
1, kanon
1, kanye
1, kanyon
1, kaoru
2, karam
1, karamvir
7, karan
1, karanbir
1, karandeep
1, karanjot
2, karanveer
2, karanvir
1, karbin
1, karder
4, kareem
5, karim
2, karl
1, karlantoine
1, karlell
1, karlin
5, karsen
12, karson
2, karsten
1, karston
1, karsyn
5, karter
1, kartik
1, kase
2, kasen
3, kash
1, kashjone
1, kashton
1, kashus
1, kasin
2, kason
2, kasper
1, kassidy
1, kasyn
1, kathum
1, katon
1, katsuji
2, kavan
1, kavaye
1, kaven
1, kavin
1, kavindu
1, kavon
1, kawararman
1, kay
1, kaya
4, kaydan
54, kayden
1, kaydence
1, kaydin
3, kaydon
1, kayhan
1, kayin
1, kayl
3, kayle
1, kayleb
1, kaylen
1, kaylio
1, kaylum
1, kayne
1, kaysen
1, kayson
1, kaziah
1, kdri
12, keagan
1, keaghan
1, keaghen
1, keagin
4, keanan
1, keane
1, keanon
1, keanu
1, keanyn
1, keaten
1, keath
18, keaton
2, keean
1, keefe
36, keegan
2, keelan
1, keeley
2, keelyn
24, keenan
1, keeran
1, keerat
1, keeryn
1, keeshan
1, keeshawn
1, keewan
6, kegan
1, keian
4, keigan
1, keinan
1, keir
5, keiran
1, keirnan
1, keishen
1, keishi
9, keith
2, keithan
1, keithen
1, keithon
1, kelan
3, kelby
1, kelden
1, keldon
1, kelechi
1, kelen
1, kelii
4, kellan
4, kellen
3, kelly
1, kelsen
3, kelsey
2, kelson
8, kelton
7, kelvin
2, ken
3, kenan
1, kendal
1, kendall
1, kendell
1, kendric
1, kenieth
2, kennedy
13, kenneth
1, kennis
3, kenny
2, kent
1, kenten
1, kentin
3, kenton
2, keon
1, keondre
1, kerni
1, kerry
1, keshon
1, kesler
1, kesley
4, keston
1, kestyn
1, kethan
1, kevan
50, kevin
1, kexton
2, keyaan
2, keyan
1, keyano
1, keyanow
1, keyin
1, keynen
1, keynin
1, keyon
1, keyshawn
1, keyten
1, keyton
1, kffimagoolo
2, khai
1, khailan
2, khaled
8, khalid
2, khalil
1, kharvyn
1, kherson
1, khoder
1, khyler
1, ki
1, ki'an
14, kian
1, kiaus
2, kidus
3, kiefer
1, kieffer
2, kien
47, kieran
1, kierdan
3, kieren
1, kiern
1, kiernan
1, kieron
1, kieryn
1, kieth
1, kiev
1, kihew
1, kiko
1, kingi
1, kingsley
1, kiowa
1, kipp
6, kiran
1, kirat
3, kirk
1, kisan
1, kishan
1, kit
1, kius
1, klaus
1, kliff
1, klody
1, knowledge
2, koal
1, koat
13, kobe
1, kobey
6, koby
4, koda
2, kodah
1, kodan
1, kodda
1, kodehn
1, koden
1, kodiakjoseph
22, kody
1, kodyn
1, koehn
12, koen
6, kohen
2, kohl
1, koji
1, kolbe
10, kolby
14, kole
1, koleton
1, kolin
1, kollin
4, kolten
1, koltin
7, kolton
1, koltyn
1, komal
1, konin
1, konner
5, konnor
3, konrad
2, kooper
6, korbin
1, korbyn
1, kord
1, kordel
1, koren
2, kory
1, kotaro
1, kovan
1, kowen
1, kowin
1, koyen
1, koyote
1, krakkan
1, krayghan
1, krew
1, krishan
1, krisheel
11, kristian
1, kristofer
1, kristoff
12, kristopher
1, kristopherbradleyallan
1, krithik
1, krittin
1, kron
1, krubel
1, kryan
1, krystopher
2, kueth
1, kullen
1, kunwar
1, kuol
1, kuot
1, kurin
5, kurt
8, kurtis
1, kush
1, kwazey
1, ky
1, kyah
9, kyan
1, kyanclifton
1, kydan
3, kyden
3, kye
1, kylan
2, kylar
99, kyle
19, kyler
1, kylin
1, kylund
5, kynan
3, kyran
1, kyrane
1, kyris
2, kyro
2, kyron
1, kyrun
1, kyrus
1, kysay
1, kyus
1, kyuss
1, labeeb
7, lachlan
1, laesen
1, laeten
1, laine
1, laird
1, laith
1, laithyne
1, lakelan
1, laken
2, lakota
2, lamar
1, lambros
1, lanark
8, lance
15, landen
2, landin
56, landon
3, landyn
20, lane
1, langley
1, lanny
1, larkland
4, larry
2, lars
1, larson
1, lasith
1, lat
1, lathan
1, lathaniel
1, latin
2, latrell
2, lauchlan
1, laughlin
1, laurence
1, lawless
7, lawrence
1, lawson
12, layne
1, laythan
9, layton
1, lazarus
1, laziah
1, leam
1, lean
1, leander
3, lee
1, leeim
1, leeroy
1, legacy
5, leif
3, leighton
2, leland
2, lemuel
1, lenard
1, lennex
2, lennon
3, lennox
9, leo
3, leon
4, leonard
1, leonardo
1, leonit
1, leray
2, leslie
1, leutrim
1, lev
1, levente
71, levi
1, levyn
1, lew
1, lewis
1, lex
1, lexington
1, lexton
2, lexx
1, leyton
1, li
168, liam
1, liamthomas
1, lian
1, liandro
1, liban
1, liberty
1, liko
4, lincoln
9, linden
1, lindon
1, lingam
1, linken
1, linkin
4, lionel
1, lochie
3, lochlan
2, lochlin
1, lochlyn
205, logan
1, logann
2, login
1, lohgan
1, loki
3, london
1, lonnie
1, loren
3, lorenzo
2, lorne
1, louie
5, louis
1, louka
1, loukas
1, lovandre
1, love
1, lowen
1, lubaid
7, luc
7, luca
1, lucaas
1, lucan
110, lucas
3, lucian
2, lucien
1, lucifer
1, lucis
3, lucius
5, lucus
4, luis
6, luka
20, lukas
1, lukasz
79, luke
1, lukeous
1, lukijan
2, lukus
1, lukys
1, lunden
1, luqmaan
1, luuk
5, lyle
3, lynden
3, lyndon
1, lyon
1, lyrik
1, maalik
1, maarten
1, mabruk
2, mac
1, macario
1, macarthy
1, mace
1, macgregor
7, mackenzie
1, mackinnely
1, mackintyre
4, maclean
1, madden
3, maddex
11, maddox
2, maddux
1, madeau
1, madison
1, madoc
1, madrin
1, mads
1, magadji
1, magan
1, magellan
4, magnus
4, maguire
1, mahad
2, mahdi
1, mahen
3, mahmoud
1, mahtab
2, maisen
2, majid
1, makael
1, makai
1, makalo
1, makalu
1, makena
1, makenzie
1, maksim
1, maksym
1, malacai
1, malachai
16, malachi
1, malahki
1, malakai
1, malakhi
1, malaki
9, malcolm
2, malcom
9, malik
1, maliki
1, malko
1, malual
1, mamaun
1, manbir
1, mandeep
3, manjot
1, manny
1, manoj
2, manpreet
2, manraj
1, mansur
1, mantaj
2, manuel
1, manus
1, manveer
5, marc
1, marcanthony
1, marcantoine
1, marcas
2, marcel
1, marcellous
1, marckee
8, marco
1, marcos
38, marcus
2, marek
6, mario
1, marius
30, mark
8, marko
15, markus
1, marley
1, marlin
1, marquise
1, marqus
1, mars
1, marshal
18, marshall
1, martel
12, martin
1, marty
6, marvin
3, masen
92, mason
1, masyn
1, mataeo
2, mataio
1, mate
1, mateen
9, mateo
1, matesem
2, mateus
1, mateusz
2, matheus
18, mathew
3, mathias
6, mathieu
1, matia
1, matias
1, matin
1, matis
1, matondo
3, mats
6, matt
12, matteo
1, mattew
243, matthew
6, matthias
5, matthieu
3, mattias
3, maurice
1, mauricio
3, maverick
1, mavrick
1, mawien
29, max
1, maxamilian
7, maxim
2, maximilian
1, maximiliano
2, maximillian
1, maximillion
12, maximus
43, maxwell
2, maxx
1, maxym
1, maxymilian
3, mayson
1, mazdak
1, mazen
1, mazin
1, mazzen
1, mccallum
1, mckay
1, mckenzie
2, mckinley
1, mckrae
1, mclaren
1, mclean
1, mcmillan
1, meaka
1, meelod
1, meguel
1, mehki
2, mehran
1, mekai
1, mekhai
2, mekhi
1, mel
3, melvin
1, memfis
2, memphis
2, menno
1, merck
2, merek
1, meric
1, merick
1, merle
1, merlyn
1, meroan
1, merric
2, merrick
1, mesiah
1, methos
1, meyer
1, miadyas
12, micah
1, micai
127, michael
12, micheal
1, michel
1, michele
1, micholai
1, mick
1, mico
1, miekale
1, mieshawn
8, miguel
1, mihailo
1, mihir
3, miikka
1, mik'ail
1, mikal
1, mikeal
4, mikhail
1, mikka
3, mikkel
1, mikko
3, milan
3, miles
1, millar
3, miller
2, milo
1, milton
1, mingyu
1, minh
1, minjun
1, mio
1, miquel
1, miralem
1, miro
4, mitch
1, mitchall
4, mitchel
30, mitchell
1, mizgen
1, mo
1, moaz
1, mogen
8, mohamad
1, mohamahmad
11, mohamed
13, mohammad
8, mohammed
1, mohd
1, mohib
1, mohid
1, mohit
1, mohmd
1, mohmmad
1, montana
1, monte
1, montego
1, monty
1, moosa
1, mordichai
24, morgan
2, morgen
2, morley
1, morris
1, morrison
4, moses
1, moshtak
1, mossimo
1, moumen
1, msultan
1, mudaser
1, muddabir
14, muhammad
1, muhid
1, muhidin
1, mulham
1, munachiso
1, munro
1, murtaza
1, musa
1, musaab
1, musadeq
1, musawwir
1, muskwa
1, muslum
5, mustafa
1, mustapha
1, muzaffar
1, mycah
1, myers
14, myles
1, mylo
1, nabiel
2, nabil
1, nadav
3, nadeem
1, naden
1, nader
1, nahom
1, nahum
1, najaib
1, najel
1, najib
1, nakota
1, nam
1, napeedit
1, naqwan
1, narvir
1, naseem
4, nash
1, nashawn
1, natan
10, nate
1, natenael
202, nathan
6, nathanael
1, nathanal
1, nathaneil
1, nathanial
44, nathaniel
1, nathanyel
3, nathen
1, nathin
2, natnael
2, navdeep
1, naveed
1, navin
1, navjot
3, navraj
1, navtej
1, naythaniel
1, nazeeh
1, nazeh
1, nazir
1, neal
1, ned
1, nehemiah
1, neiko
2, neil
1, neill
1, nekhi
3, nelson
1, nen
1, neo
1, nepin
2, nevada
2, nevaeh
2, nevan
1, nevin
1, ngan
1, ngath
1, ngong
1, ni
1, niall
1, niccolo
163, nicholas
1, nicholaus
2, nicholi
1, nicholus
3, nick
1, nickalis
1, nicklas
8, nickolas
1, nickolis
1, nicky
3, nico
2, nicola
1, nicolai
1, nicolaj
22, nicolas
1, nicolus
2, niels
1, nielsen
3, nigel
1, nijal
2, nikhil
4, nikita
1, nikki
1, niko
3, nikola
4, nikolai
1, nikolaij
15, nikolas
2, nikolaus
1, nikos
1, niran
1, nirbhay
1, nishaan
1, nishan
1, nitish
1, nixon
1, noa
162, noah
1, noahadam
1, noam
3, noel
95, nolan
1, nolawie
2, nolen
1, nolin
1, norav
1, norbert
2, norman
1, norris
1, nour
1, nova
1, nyuon
1, o'chang
1, oaklen
5, oakley
1, oaklin
1, obadiah
2, ocean
1, octavio
8, odin
1, oghenemaro
1, ohis
1, okoth
1, olen
1, olin
22, oliver
1, oluwatimilehin
2, om
12, omar
1, omarion
2, omer
1, omry
1, oran
1, oren
1, orest
4, orion
1, ork
2, orlando
1, osama
12, oscar
1, osler
2, osman
1, othaeron
1, otis
1, ottavio
3, otto
1, ovraj
1, owain
141, owen
1, ozaifa
1, paapa
2, pablo
1, pacey
1, paeden
1, paeton
1, paiden
1, pal
1, pankaj
1, parabhjot
1, paramjot
1, paramveer
2, pardeep
1, pardip
62, parker
2, parks
1, parmaan
1, parneet
1, parsa
1, parteet
2, parth
2, pascal
1, pasco
34, patrick
23, paul
1, pauletienne
1, paulus
2, pavel
1, paxton
2, payten
1, paytin
11, payton
1, pearce
1, pearse
1, pearson
2, pedro
1, per
1, percy
1, perrin
2, perry
1, pete
51, peter
1, petr
17, peyton
2, pheonix
15, philip
1, philippe
1, philippeduy
6, phillip
7, phoenix
6, pierce
1, pierre
1, pierrealexandre
1, piers
2, pierson
1, pieter
2, piotr
1, poittris
7, porter
2, prabhdeep
2, prabhjot
1, prabhnoor
1, prabhsimar
1, prabnoor
1, preetpal
1, premveer
2, presley
1, prestin
18, preston
2, prince
1, princeton
1, psalmuel
1, puneet
1, pyken
3, qasim
2, quade
1, quadrece
4, quaid
1, quan
1, quang
1, quary
1, quaydon
1, quenten
9, quentin
1, quenton
1, quillen
2, quin
3, quincy
3, quinlan
22, quinn
4, quinten
4, quintin
8, quinton
1, quintyn
1, quintzy
1, qusay
1, qwandel
1, rabe
1, rabieh
1, rabih
2, race
1, racha
1, rachit
1, raddix
1, radwan
1, raegan
1, raegen
1, raekwon
3, rafael
1, rafay
1, rafe
2, raghav
1, ragwant
2, raheel
2, rahil
2, rahim
2, rahul
7, raiden
1, raidon
1, raiford
1, rain
3, raine
1, rais
2, raj
1, rajan
1, rajkamal
1, rajpal
1, rajpreet
2, rajveer
1, rajvir
1, ralph
1, ramadaan
1, ramanveer
1, ramaro
4, rami
1, ramie
1, ramneek
1, ramone
1, ramses
1, ramsey
1, rand
1, randin
1, random
4, randy
1, rani
1, ranjit
1, ranon
1, ranveer
1, ranvir
1, raphael
1, rasdon
1, rashad
1, rashaun
1, rasheed
1, raul
1, ravinder
1, rawad
2, ray
3, rayan
1, rayce
1, rayden
1, raydon
1, rayin
1, raymarc
1, raymart
1, raymon
16, raymond
1, rayn
4, rayne
1, rayvan
1, raza
1, razali
1, razeen
1, raziq
1, reagan
1, recien
18, reece
3, reed
1, reef
1, reegan
1, rees
20, reese
2, reeve
2, regan
1, reggie
1, reginald
1, rehan
1, rehman
1, rei
1, reichen
23, reid
1, reidwin
1, reighn
1, reign
1, reiken
3, reilly
1, reily
1, reimark
1, reme
2, remy
1, renaldo
1, renato
1, renick
1, renzhi
1, reshad
1, reshawn
1, reuban
5, reuben
1, reuel
1, revon
1, revraj
3, rex
1, rexer
1, rexterkyle
1, reyaan
1, reza
1, rhain
1, rheal
1, rhenin
20, rhett
1, rhydar
13, rhys
1, rhythm
1, rian
1, riaz
1, ricardo
22, richard
1, ricjay
3, rick
1, rickwilliam
7, ricky
1, rico
1, rida
2, riddick
1, ridley
1, ridwan
1, rieger
1, riek
1, riektungtiil
1, riel
1, rielly
1, ries
1, riese
1, rigdon
1, riggin
1, riggs
1, rilan
136, riley
1, rileyalan
1, rinedi
1, ring
2, rio
1, riota
1, rishaun
1, rishav
1, risto
4, river
1, rivera
1, riyan
5, roan
1, roanin
1, rob
1, roba
1, robbie
1, robbiewilliam
64, robert
5, robin
1, robinvir
1, robson
2, robyn
1, roch
1, rocklyn
3, rocky
1, rodeen
2, roderick
1, rodney
1, rodriguenicolau
1, roelof
1, rofri
4, rogan
2, roger
1, rogue
8, rohan
1, rohin
1, rohit
2, roko
2, roland
13, roman
1, romanboston
1, rome
1, romel
3, romeo
1, ronakh
7, ronald
13, ronan
1, ronav
1, roni
1, ronil
4, ronin
1, ronit
1, rony
1, rooney
1, roop
1, rordon
9, rory
1, roryck
1, roscoe
2, roshan
9, ross
1, rowad
20, rowan
1, roy
1, roycen
1, rozario
3, ruben
2, rueben
1, ruei
1, rufaro
1, rulon
1, russel
11, russell
1, ruyter
1, ry
1, ryaan
182, ryan
1, ryatt
5, ryden
59, ryder
1, ryely
1, ryerson
1, ryese
1, rygel
18, ryker
30, rylan
3, ryland
7, rylee
7, rylen
29, ryley
6, rylie
1, rylin
1, rylon
1, rysten
3, saad
1, saayujya
1, sabastian
1, sabber
1, sabian
1, sabin
1, saddyn
1, sadiq
1, saeed
1, safwan
1, sagar
3, sage
1, sagr
1, sahaj
1, sahajvir
1, sahej
1, sahejkarn
3, sahib
5, sahil
1, sahit
1, sahj
1, sahjed
1, said
1, saidh
1, saige
2, saihaj
1, saihejveer
2, saim
1, saint
1, sairyen
1, sajed
1, sajn
1, sakaria
2, saleem
1, salem
1, salo
1, salvatore
18, sam
1, samad
1, samatar
3, sameer
1, sameerullah
2, samer
3, sami
1, samim
3, samir
1, sammiwalid
1, sammy
4, samson
4, samual
146, samuel
1, samueljosef
1, samy
1, samyog
1, sandeep
1, sandro
1, sanket
4, santiago
1, santonio
1, saqeb
1, saren
3, sartaj
1, sascha
7, sawyer
1, saxen
1, saxon
1, sayad
1, sayf
1, saylor
1, sazon
1, schyler
2, scotland
31, scott
1, scottie
1, scout
9, seamus
61, sean
1, seanraphael
28, sebastian
9, sebastien
1, sebestyen
1, sebolatan
1, see
1, sehaj
1, sehejpuran
1, seifeddin
1, sem
1, sena
1, senan
1, sequoia
1, sequoyah
1, sergej
3, sergio
82, seth
1, seungju
1, sevryn
3, seyed
3, shaan
1, shace
1, shackleton
2, shaden
1, shadi
1, shae
1, shafin
1, shah
1, shaheen
1, shahryar
1, shahvez
1, shahzadali
1, shahzaib
1, shahzeb
1, shahzoar
1, shai
2, shaidon
1, shaileshan
1, shakeel
1, shalon
1, shamel
3, shamus
2, shan
16, shane
1, shanveer
1, shao
2, shaquille
1, shashank
1, shaughnessy
18, shaun
1, shaunavon
1, shavaz
1, shaven
16, shawn
1, shay
2, shayaan
1, shayan
5, shayden
1, shaye
1, shayle
1, shaymus
3, shayne
1, shayon
1, shazil
7, shea
1, sheaden
2, sheamus
1, shehryar
1, shehzad
1, sheklun
3, shelby
14, sheldon
1, shelten
1, shem
1, shermal
1, sherwan
1, sherzahn
1, shezan
1, shi
1, shiloh
1, shimaz
1, shirjeel
1, shiven
1, shivnesh
1, shoal
1, shole
1, shonveer
1, shryan
1, shu
1, shyaam
1, shyon
1, sicheng
1, sid
1, siddharth
1, siddhartha
1, sidney
10, silas
1, silverashton
1, silvio
1, simione
1, simisola
32, simon
1, simone
1, simran
1, sina
2, sincere
1, sirajularifeen
1, sirtaj
1, sirus
2, sky
1, skye
10, skylar
10, skyler
1, skylerlee
3, slade
2, slate
2, slater
1, slayde
1, slayton
2, sloan
1, sobaan
1, sohird
1, solan
4, solomon
2, sonny
4, soren
1, souriyo
2, spence
51, spencer
1, spencerlee
1, spirit
1, spiro
1, stacey
4, stanley
1, stanly
1, steele
2, steen
1, steeves
5, stefan
2, stefano
1, steffan
1, stein
2, stellan
1, stellen
1, stelyanos
18, stephen
7, sterling
1, stetson
30, steven
1, stevie
3, stewart
1, stirling
2, stone
2, storm
1, strait
1, stran
2, stratton
3, stryder
4, stuart
1, styles
1, stylez
1, subaig
1, suban
1, subhan
1, suhaib
1, suhail
1, suhayb
1, suhayl
1, suhrab
1, sujan
1, sukhjot
1, sukhmandeep
1, sukhmon
1, sukhmondeep
1, sukhraj
2, sukhvir
1, suknoor
1, sulabha
1, suleman
2, sullivan
1, sumeet
1, sumer
1, sumit
1, summit
4, sunny
1, susanto
1, suvam
1, sven
1, sweetgrassrain
2, sydney
6, syed
1, sylvester
1, szymon
1, t'zion
1, t.
1, tabias
1, tadas
1, taedon
1, taeg
1, taegan
1, taelin
1, taetrin
1, tag
2, tage
2, taha
3, tahir
7, tai
3, tait
2, taj
1, tajveer
1, takai
1, taknoa
1, taleb
1, taler
2, talha
1, taliesin
12, talon
1, talyn
1, tama's
1, tamario
1, tamer
1, tane
2, tanis
51, tanner
1, tannon
1, tanzeel
1, taona
1, taqi
2, taran
2, taranpreet
1, tarantej
1, taras
1, tarek
2, tarik
1, tariq
1, tarleck
1, tarndeep
1, tarnveer
1, tarosh
1, tarren
1, tarrin
1, tarundeep
1, taryn
1, tase
1, tasloach
16, tate
1, tatum
2, taven
2, tavian
1, tavis
1, tavish
1, tawheed
1, taycen
1, taydem
3, tayden
2, taye
2, taylan
1, taylen
2, tayler
41, taylor
1, tayo
4, tayson
1, taytan
3, tayte
1, tayton
1, tayven
1, tayvian
1, tayvin
1, tayvis
1, taz
8, teagan
1, teaghan
1, teague
1, teagyn
1, tealyndjay
2, ted
1, teddy
3, teegan
1, teelan
4, tegan
1, teger
1, tej
1, teja
1, tekoa
1, temitope
1, tenoa
1, tenzen
1, teo
1, terelle
1, teremce
1, terence
1, terez
2, terran
11, terrance
2, terrell
1, terren
3, terrence
1, terrese
7, terry
1, teshan
1, teyton
1, tezayne
1, thaddeus
1, thaedon
3, thai
1, thaine
1, thane
1, thaniel
1, thartisio
2, thatcher
1, thayer
1, thayne
1, thearen
1, them
3, theo
2, theodor
18, theodore
2, theoren
1, theran
1, theron
1, theryn
1, thien
1, thiik
1, thijs
1, thinh
1, thom
97, thomas
1, thomasjay
1, thompson
1, thor
1, thornton
1, thorsten
1, thuan
1, thys
3, tiago
1, tidor
1, tidus
1, tie
1, tiegen
1, tiego
1, tien
3, tieran
2, tiernan
1, tieso
1, tillman
2, tim
1, timilehin
1, timotheus
35, timothy
1, tino
3, titan
5, titus
1, tivan
1, tiyler
1, tjay
1, toban
1, tobey
1, tobiah
3, tobias
4, toby
7, todd
1, toddor
1, tom
9, tomas
7, tommy
1, tomy
5, tony
1, tonyjames
1, torbin
1, torek
1, toren
1, torey
7, torin
1, torrin
2, toryn
3, tosh
1, toshan
1, toshio
1, townsend
5, trace
1, traeethan
1, traford
1, trai
1, trajan
1, traton
1, tratteele
28, travis
1, tray
1, traydan
1, trayson
4, trayton
1, tre
1, tre'vayne
1, tremaine
1, tremayne
1, trennen
10, trent
1, trenten
8, trenton
1, treshawn
2, treston
1, trevallian
14, trevor
1, trevyn
23, trey
1, treyc
2, treyce
1, treyden
1, treydon
5, treyton
1, trez
1, trice
1, triffon
1, trigger
59, tristan
1, tristankevin
13, tristen
1, tristian
13, tristin
3, triston
15, troy
7, trystan
1, trystanjai
2, trysten
1, trystian
2, trystin
1, tryton
3, tucker
1, tuff
1, tully
1, tunmise
3, turner
1, tushar
74, ty
1, tybalt
2, tyberius
1, tyce
1, tycen
6, tye
1, tyece
1, tykel
4, tylan
1, tylen
175, tyler
1, tylerjay
1, tylle
1, tymani
1, tymko
2, tynan
1, tyrae
1, tyral
1, tyran
1, tyree
1, tyreice
2, tyrel
8, tyrell
1, tyrelle
1, tyren
8, tyrese
1, tyrique
3, tyron
3, tyrone
1, tyrrel
1, tyrrell
2, tyrus
1, tyrynn
5, tysen
1, tyshawn
76, tyson
2, tytan
1, tyvin
1, udham
1, udhay
1, ugonna
1, ulysses
2, umair
1, umairben
3, uriah
2, usman
1, uthman
1, uzonwaeze
1, vadin
1, vaiden
1, vail
6, van
4, vance
1, vanier
1, vann
1, vanshaj
2, varun
1, vashist
1, vashkelly
3, vaughan
5, vaughn
1, vazir
1, ve
1, vedant
1, velyzar
1, veric
1, vern
1, vernon
1, verone
1, vicente
20, victor
1, vijay
1, vikas
1, villaeali
1, vinay
20, vincent
1, vincenzo
1, vinesh
1, vinn
1, vishva
1, vladimir
1, vrij
11, wade
1, wahaj
1, walee
1, waleed
2, walid
1, walied
12, walker
1, wallace
4, walter
1, wani
2, warner
1, warrek
6, warren
1, warrick
1, warrington
1, warsame
1, wasif
1, wathab
1, watson
1, wayde
1, waylen
7, waylon
1, wayne
1, wedial
1, wendel
1, wendell
1, wes
1, wesam
17, wesley
1, wessam
1, western
1, westley
3, weston
1, wexxley
1, wilfred
5, will
4, willem
149, william
2, willie
2, willis
1, willson
6, willy
6, wilson
1, windyboy
1, winson
1, winstin
3, winston
1, wisdom
1, woi
1, wolfgang
1, wouter
72, wyatt
1, wyett
1, wylie
1, wynton
1, x'yprus
1, xabian
1, xaden
1, xaivier
22, xander
1, xavian
28, xavier
1, xavion
1, xiaomeng
1, xing
1, xsavier
1, xuezhi
1, xzandar
2, xzander
1, yaaqoob
1, yadgar
1, yafetdawit
1, yahya
1, yakob
1, yale
1, yamato
1, yan
1, yannick
1, yannis
2, yaseen
1, yasir
3, yasser
1, yassier
1, yassir
1, yat
1, yazan
1, yee
1, yesung
1, yifeng
1, yik
1, yoal
1, yonas
2, yong
1, yorick
1, younes
1, younesse
2, younus
3, yousef
2, youssef
1, yousuf
1, yul
1, yunus
1, yusef
1, yusha
3, yusuf
1, yuvrag
1, yuvraj
1, zabbeullah
1, zabihallah
1, zac
1, zacairy
2, zacarias
1, zacary
2, zach
8, zachariah
1, zacharias
5, zacharie
152, zachary
16, zachery
10, zack
1, zackari
1, zackariah
21, zackary
11, zackery
1, zackry
1, zade
1, zaden
1, zaeden
1, zaheed
1, zaiden
5, zain
1, zainali
2, zak
1, zakareya
4, zakaria
6, zakary
1, zaker
1, zakim
1, zakkarri
1, zakrai
1, zalman
1, zamaan
1, zameer
1, zandel
23, zander
1, zanderlee
1, zandon
22, zane
1, zanetti
1, zarek
1, zavein
1, zavier
4, zayden
1, zaydin
1, zayn
4, zayne
1, zearin
1, zebulun
2, zechariah
1, zecharias
1, zedi
1, zeffryn
3, zen
1, zenan
4, zenon
2, zeth
1, zev
1, zevon
1, zhan
1, zia
1, ziad
1, zidane
1, zinedine
3, zion
1, ziyad
1, zoe
1, zorain
1, zubin
1, zuheyb
1, zulfikar
1, zyah
1, zyler
1, zylomon
